iso	name	year	carbon	electricity	non_renewables	percent_generation_non_renewables	renewables	percent_generation_renewables	geo_biomass	percent_generation_biomass	solar_potential	percentage_solar_potential	percentage_solar_potential_vs_total	solar_capacity	solar_generation	percent_generation_solar	wind_potential	percentage_wind_potential	percentage_wind_potential_vs_total	wind_capacity	wind_generation	percent_generation_wind	percentage_total_potential_vs_total
AT	Austria	1986	52.8	44.7	43.41	0.9711409	1.29	0.0288591	1.29	0.0288590604	4.234469	0.00	0.09	#N/A	0	0	34.52879655	0.00	0.77	0	0	0	0.87
AT	Austria	1987	53.4	50.5	49.59	0.9819802	0.91	0.0180198	0.91	0.01801980198	3.870412	0.00	0.08	#N/A	0	0	38.80655223	0.00	0.77	0	0	0	0.85
AT	Austria	1988	51.8	49	47.95	0.9785714	1.05	0.0214286	1.05	0.02142857143	4.083088	0.00	0.08	#N/A	0	0	41.46791222	0.00	0.85	0	0	0	0.93
AT	Austria	1989	52	50.2	49.1	0.9780876	1.1	0.0219124	1.1	0.0219123506	4.218852	0.00	0.08	#N/A	0	0	34.83840432	0.00	0.69	0	0	0	0.78
AT	Austria	1990	55.9	50.4	49.26	0.9773810	1.14	0.0226190	1.14	0.02261904762	4.265193	0.00	0.08	#N/A	0	0	35.94387613	0.00	0.71	0	0	0	0.80
AT	Austria	1991	59.9	51.5	50.27	0.9761165	1.23	0.0238835	1.23	0.02388349515	4.127513	0.00	0.08	#N/A	0	0	33.99341247	0.00	0.66	0	0	0	0.74
AT	Austria	1992	55.6	51.2	49.87	0.9740234	1.33	0.0259766	1.33	0.0259765625	4.277536	0.00	0.08	#N/A	0	0	38.13992438	0.00	0.74	0	0	0	0.83
AT	Austria	1993	55.4	52.7	51.34	0.9741935	1.36	0.0258065	1.36	0.02580645161	4.000691	0.00	0.08	#N/A	0	0	39.25205226	0.00	0.74	0	0	0	0.82
AT	Austria	1994	55.7	53.3	52.09	0.9772983	1.21	0.0227017	1.21	0.02270168856	4.067854	0.00	0.08	#N/A	0	0	36.93444158	0.00	0.69	0	0	0	0.77
AT	Austria	1995	59.7	56.6	54.74	0.9671378	1.86	0.0328622	1.86	0.03286219081	3.842877	0.00	0.07	#N/A	0	0	38.94621661	0.00	0.69	0	0	0	0.76
AT	Austria	1996	61.5	54.8	53.2	0.9708029	1.6	0.0291971	1.59	0.02901459854	3.828077	0.00	0.07	2	0	0	33.84546578	0.00	0.62	0.01	0.01	0.0001824817518	0.69
AT	Austria	1997	61.8	56.9	55.17	0.9695958	1.73	0.0304042	1.71	0.03005272408	4.234619	0.00	0.07	2	0	0	35.71876029	0.00	0.63	0.02	0.02	0.0003514938489	0.70
AT	Austria	1998	61.9	57.4	55.51	0.9670732	1.89	0.0329268	1.84	0.03205574913	3.993039	0.00	0.07	3	0	0	40.37932674	0.00	0.70	0.05	0.05	0.0008710801394	0.77
AT	Austria	1999	61.5	60.4	58.75	0.9726821	1.65	0.0273179	1.6	0.02649006623	0.395807	0.00	0.01	4	0	0	36.59189844	0.00	0.61	0.1	0.1	0.001655629139	0.61
AT	Austria	2000	61.6	61.8	60.2	0.9741100	1.6	0.0258900	1.53	0.02475728155	4.173485	0.00	0.07	5	0	0	37.6920101	0.00	0.61	0.1	0.1	0.001618122977	0.68
AT	Austria	2001	66.4	62.3	60.46	0.9704655	1.84	0.0295345	1.67	0.02680577849	4.041371	0.00	0.06	7	0.01	0.0001605136437	37.50647458	0.01	0.60	0.2	0.2	0.003210272873	0.67
AT	Austria	2002	67.3	62.5	60.77	0.9723200	1.73	0.0276800	1.52	0.02432	4.051833	0.00	0.06	9	0.01	0.00016	36.17823426	0.01	0.58	0.2	0.2	0.0032	0.64
AT	Austria	2003	73.3	60.6	58.51	0.9655116	2.09	0.0344884	1.71	0.02821782178	4.471578	0.00	0.07	23	0.02	0.0003300330033	34.19334843	0.01	0.56	0.4	0.4	0.006600660066	0.64
AT	Austria	2004	72	64.9	61.9	0.9537750	3	0.0462250	2.06	0.03174114022	4.003811	0.00	0.06	27	0.02	0.0003081664099	36.113836	0.02	0.56	0.9	0.9	0.01386748844	0.62
AT	Austria	2005	74	66.7	62.91	0.9431784	3.79	0.0568216	2.44	0.03658170915	4.086232	0.00	0.06	21	0.02	0.000299850075	35.00287751	0.04	0.52	1.3	1.3	0.01949025487	0.59
AT	Austria	2006	71.9	64.4	59.39	0.9222050	5.01	0.0777950	3.24	0.05031055901	4.173016	0.00	0.06	22	0.02	0.0003105590062	33.70665853	0.05	0.52	1.8	1.8	0.02795031056	0.59
AT	Austria	2007	68.2	64.9	58.78	0.9057011	6.12	0.0942989	4.06	0.0625577812	4.259354	0.00	0.07	24	0.02	0.0003081664099	38.10043425	0.05	0.59	2	2	0.03081664099	0.65
AT	Austria	2008	69	66.9	60.56	0.9052317	6.34	0.0947683	4.3	0.06427503737	4.011277	0.01	0.06	30	0.03	0.0004484304933	35.47984894	0.06	0.53	2	2	0.02989536622	0.59
AT	Austria	2009	62.9	69.1	62.82	0.9091172	6.28	0.0908828	4.28	0.06193921852	4.060352	0.01	0.06	49	0.05	0.0007235890014	34.70753521	0.06	0.50	2	2	0.02894356006	0.56
AT	Austria	2010	68.1	71.1	64.48	0.9068917	6.62	0.0931083	4.46	0.06272855134	0.391486	0.23	0.01	89	0.09	0.001265822785	35.3441901	0.06	0.50	2.1	2.1	0.02953586498	0.50
AT	Austria	2011	62.4	65.9	59.27	0.8993930	6.63	0.1006070	4.52	0.06858877086	4.537974	0.04	0.07	174	0.17	0.002579666161	33.4754754	0.06	0.51	1.9	1.9	0.02883156297	0.58
AT	Austria	2012	60.4	72.4	64.99	0.8976519	7.41	0.1023481	4.61	0.06367403315	4.257574	0.08	0.06	338	0.34	0.004696132597	35.71832972	0.07	0.49	2.5	2.5	0.03453038674	0.55
AT	Austria	2013	59.6	68	59.64	0.8770588	8.36	0.1229412	4.58	0.06735294118	3.761953	0.17	0.06	626	0.63	0.009264705882	33.48183793	0.10	0.49	3.2	3.2	0.04705882353	0.55
AT	Austria	2014	56.4	65.1	56.13	0.8622120	8.97	0.1377880	4.34	0.06666666667	3.933098	0.20	0.06	785	0.79	0.01213517665	31.65997233	0.12	0.49	3.8	3.8	0.05837173579	0.55
AT	Austria	2015	59.4	64.9	54.62	0.8416025	10.28	0.1583975	4.5	0.06933744222	4.257846	0.22	0.07	937	0.94	0.01448382126	34.35327611	0.14	0.53	4.8	4.8	0.07395993837	0.59
BE	Belgium	1986	113.7	58.7	58.58	0.9979557	0.12	0.0020443	0.12	0.002044293015	0.360944	0.00	0.01	#N/A	0	0	26.84371596	0.00	0.46	0	0	0	0.46
BE	Belgium	1987	115.2	63.4	63.25	0.9976341	0.15	0.0023659	0.14	0.002208201893	3.288996	0.00	0.05	#N/A	0	0	21.16645911	0.00	0.33	0.01	0.01	0.0001577287066	0.39
BE	Belgium	1988	117.2	65.3	65.11	0.9970904	0.19	0.0029096	0.18	0.002756508423	3.275661	0.00	0.05	#N/A	0	0	25.82729365	0.00	0.40	0.01	0.01	0.0001531393568	0.45
BE	Belgium	1989	119.8	67.5	67.3	0.9970370	0.2	0.0029630	0.19	0.002814814815	3.699687	0.00	0.05	#N/A	0	0	20.97624475	0.00	0.31	0.01	0.01	0.0001481481481	0.37
BE	Belgium	1990	128.5	70.9	70.61	0.9959097	0.29	0.0040903	0.28	0.00394922426	3.638287	0.00	0.05	#N/A	0	0	26.86041896	0.00	0.38	0.01	0.01	0.0001410437236	0.43
BE	Belgium	1991	133	71.9	71.59	0.9956885	0.31	0.0043115	0.3	0.004172461752	3.665064	0.00	0.05	#N/A	0	0	21.85266217	0.00	0.30	0.01	0.01	0.0001390820584	0.35
BE	Belgium	1992	130.1	72.2	71.92	0.9961219	0.28	0.0038781	0.27	0.003739612188	3.509828	0.00	0.05	#N/A	0	0	24.44239602	0.00	0.34	0.01	0.01	0.0001385041551	0.39
BE	Belgium	1993	128.1	70.8	70.55	0.9964689	0.25	0.0035311	0.25	0.003531073446	3.385936	0.00	0.05	#N/A	0	0	24.71259565	0.00	0.35	0.01	0.01	0.0001412429379	0.40
BE	Belgium	1994	132	72.2	71.95	0.9965374	0.25	0.0034626	0.25	0.003462603878	3.370166	0.00	0.05	#N/A	0	0	26.01556393	0.00	0.36	0.01	0.01	0.0001385041551	0.41
BE	Belgium	1995	130.8	74.4	74.07	0.9955645	0.33	0.0044355	0.32	0.004301075269	3.515301	0.00	0.05	#N/A	0	0	25.07640051	0.00	0.34	0.01	0.01	0.0001344086022	0.38
BE	Belgium	1996	139.4	76.1	75.78	0.9957950	0.32	0.0042050	0.31	0.004073587385	3.464727	0.00	0.05	0	0	0	21.58614405	0.00	0.28	0.01	0.01	0.0001314060447	0.33
BE	Belgium	1997	137.8	78.8	78.52	0.9964467	0.28	0.0035533	0.28	0.003553299492	3.664943	0.00	0.05	0	0	0	22.34653648	0.00	0.28	0.01	0.01	0.0001269035533	0.33
BE	Belgium	1998	142	83.2	82.83	0.9955529	0.37	0.0044471	0.36	0.004326923077	3.144423	0.00	0.04	0	0	0	26.78409933	0.00	0.32	0.01	0.01	0.0001201923077	0.36
BE	Belgium	1999	135.3	84.5	83.99	0.9939645	0.51	0.0060355	0.5	0.005917159763	3.549032	0.00	0.04	0	0	0	26.53033948	0.00	0.31	0.01	0.01	0.0001183431953	0.36
BE	Belgium	2000	139.1	84	83.42	0.9930952	0.58	0.0069048	0.57	0.006785714286	3.294032	0.00	0.04	0	0	0	26.7726987	0.00	0.32	0.02	0.02	0.0002380952381	0.36
BE	Belgium	2001	139.2	79.8	79.17	0.9921053	0.63	0.0078947	0.6	0.007518796992	3.373842	0.00	0.04	0	0	0	23.45521558	0.00	0.29	0.04	0.04	0.0005012531328	0.34
BE	Belgium	2002	137.1	82.1	81.32	0.9904994	0.78	0.0095006	0.72	0.008769792935	3.414866	0.00	0.04	1	0	0	25.48032771	0.00	0.31	0.1	0.1	0.001218026797	0.35
BE	Belgium	2003	144.2	84.6	83.65	0.9887707	0.95	0.0112293	0.86	0.01016548463	0.402024	0.00	0.00	1	0	0	20.10637889	0.00	0.24	0.1	0.1	0.001182033097	0.24
BE	Belgium	2004	143	85.6	84.42	0.9862150	1.18	0.0137850	1.04	0.01214953271	3.539742	0.00	0.04	1	0	0	23.31212922	0.00	0.27	0.1	0.1	0.001168224299	0.31
BE	Belgium	2005	139	87	85.18	0.9790805	1.82	0.0209195	1.59	0.01827586207	3.489679	0.00	0.04	2	0	0	20.79449906	0.01	0.24	0.2	0.2	0.002298850575	0.28
BE	Belgium	2006	141.1	85.6	83.01	0.9697430	2.59	0.0302570	2.23	0.02605140187	0.343736	0.00	0.00	2	0	0	23.87451226	0.02	0.28	0.4	0.4	0.004672897196	0.28
BE	Belgium	2007	140.8	88.8	85.7	0.9650901	3.1	0.0349099	2.6	0.02927927928	3.472919	0.00	0.04	20	0.01	0.0001126126126	24.76753615	0.02	0.28	0.5	0.5	0.005630630631	0.32
BE	Belgium	2008	142.3	84.9	80.89	0.9527680	4.01	0.0472320	3.33	0.03922261484	3.370583	0.01	0.04	62	0.04	0.0004711425206	24.11381006	0.02	0.28	0.6	0.6	0.007067137809	0.32
BE	Belgium	2009	129.8	91.2	86.09	0.9439693	5.11	0.0560307	3.95	0.04331140351	3.554555	0.05	0.04	386	0.17	0.001864035088	22.30968503	0.04	0.24	1	1	0.01096491228	0.28
BE	Belgium	2010	138.4	95.2	89.02	0.9350840	6.18	0.0649160	4.33	0.04548319328	3.461189	0.16	0.04	1007	0.56	0.005882352941	19.29926456	0.07	0.20	1.3	1.3	0.01365546218	0.24
BE	Belgium	2011	125.1	90.2	82.02	0.9093126	8.18	0.0906874	4.7	0.05210643016	3.748736	0.31	0.04	1979	1.17	0.01297117517	22.26273527	0.10	0.25	2.3	2.3	0.02549889135	0.29
BE	Belgium	2012	120.9	82.9	72.8	0.8781665	10.1	0.1218335	5.2	0.06272617612	3.388945	0.63	0.04	2647	2.15	0.02593486128	22.41222568	0.12	0.27	2.8	2.8	0.03377563329	0.31
BE	Belgium	2013	121.8	83.5	72.21	0.8647904	11.29	0.1352096	4.98	0.05964071856	3.224907	0.82	0.04	2902	2.64	0.03161676647	21.88156073	0.17	0.26	3.7	3.7	0.04431137725	0.30
BE	Belgium	2014	114.2	72.7	60.78	0.8360385	11.92	0.1639615	4.42	0.06079779917	0.355517	1.00	0.00	3015	2.88	0.03961485557	22.51271594	0.20	0.31	4.6	4.6	0.06327372765	0.31
BE	Belgium	2015	121.3	69.8	55.66	0.7974212	14.14	0.2025788	5.51	0.07893982808	0.367743	1.00	0.01	3131	3.05	0.04369627507	24.98408611	0.22	0.36	5.6	5.6	0.08022922636	0.36
BG	Bulgaria	1986	87.9	41.8	41.8	1.0000000	0	0.0000000	0	0	8.382876	0.00	0.20	#N/A	0	0	6.265078845	0.00	0.15	0	0	0	0.35
BG	Bulgaria	1987	87.8	43.5	43.5	1.0000000	0	0.0000000	0	0	7.934168	0.00	0.18	#N/A	0	0	6.483800802	0.00	0.15	0	0	0	0.33
BG	Bulgaria	1988	86.6	45	45	1.0000000	0	0.0000000	0	0	8.228403	0.00	0.18	#N/A	0	0	6.562736746	0.00	0.15	0	0	0	0.33
BG	Bulgaria	1989	86.8	44.3	44.3	1.0000000	0	0.0000000	0	0	8.643979	0.00	0.20	#N/A	0	0	6.539090096	0.00	0.15	0	0	0	0.34
BG	Bulgaria	1990	74.3	42.1	42.1	1.0000000	0	0.0000000	0	0	8.689994	0.00	0.21	#N/A	0	0	6.029560599	0.00	0.14	0	0	0	0.35
BG	Bulgaria	1991	60.4	40.9	40.9	1.0000000	0	0.0000000	0	0	7.760489	0.00	0.19	#N/A	0	0	6.217723921	0.00	0.15	0	0	0	0.34
BG	Bulgaria	1992	58.4	35.6	35.6	1.0000000	0	0.0000000	0	0	0.872374	0.00	0.02	#N/A	0	0	7.021916425	0.00	0.20	0	0	0	0.22
BG	Bulgaria	1993	60.4	38	38	1.0000000	0	0.0000000	0	0	8.548275	0.00	0.22	#N/A	0	0	7.079131262	0.00	0.19	0	0	0	0.41
BG	Bulgaria	1994	56.8	38.1	38.1	1.0000000	0	0.0000000	0	0	0.839825	0.00	0.02	#N/A	0	0	6.420387993	0.00	0.17	0	0	0	0.19
BG	Bulgaria	1995	58.8	41.8	41.8	1.0000000	0	0.0000000	0	0	8.053457	0.00	0.19	#N/A	0	0	6.429165745	0.00	0.15	0	0	0	0.35
BG	Bulgaria	1996	57.1	42.7	42.7	1.0000000	0	0.0000000	0	0	0.767365	0.00	0.02	0	0	0	6.288223876	0.00	0.15	0	0	0	0.17
BG	Bulgaria	1997	56.2	42.8	42.8	1.0000000	0	0.0000000	0	0	8.127932	0.00	0.19	0	0	0	6.940542465	0.00	0.16	0	0	0	0.35
BG	Bulgaria	1998	53.9	41.7	41.7	1.0000000	0	0.0000000	0	0	8.113219	0.00	0.19	0	0	0	7.077524812	0.00	0.17	0	0	0	0.36
BG	Bulgaria	1999	46.1	38.2	38.2	1.0000000	0	0.0000000	0	0	8.334016	0.00	0.22	0	0	0	6.188378547	0.00	0.16	0	0	0	0.38
BG	Bulgaria	2000	43.4	40.9	40.9	1.0000000	0	0.0000000	0	0	8.977097	0.00	0.22	0	0	0	6.309784097	0.00	0.15	0	0	0	0.37
BG	Bulgaria	2001	46.8	44	44	1.0000000	0	0.0000000	0	0	8.263816	0.00	0.19	0	0	0	7.464625692	0.00	0.17	0	0	0	0.36
BG	Bulgaria	2002	45.4	42.7	42.7	1.0000000	0	0.0000000	0	0	0.079172	0.00	0.00	0	0	0	6.586085452	0.00	0.15	0	0	0	0.16
BG	Bulgaria	2003	49	42.6	42.6	1.0000000	0	0.0000000	0	0	8.314776	0.00	0.20	0	0	0	6.415612481	0.00	0.15	0	0	0	0.35
BG	Bulgaria	2004	47.2	41.6	41.6	1.0000000	0	0.0000000	0	0	8.326321	0.00	0.20	0	0	0	6.669956185	0.00	0.16	0	0	0	0.36
BG	Bulgaria	2005	48.9	44.4	44.39	0.9997748	0.01	0.0002252	0	0	7.772452	0.00	0.18	0	0	0	6.673645969	0.00	0.15	0.01	0.01	0.0002252252252	0.33
BG	Bulgaria	2006	50.1	45.8	45.78	0.9995633	0.02	0.0004367	0	0	0.811009	0.00	0.02	0	0	0	6.295040471	0.00	0.14	0.02	0.02	0.0004366812227	0.16
BG	Bulgaria	2007	53.4	43.3	43.25	0.9988453	0.05	0.0011547	0	0	8.639474	0.00	0.20	0	0	0	6.614920162	0.01	0.15	0.05	0.05	0.001154734411	0.35
BG	Bulgaria	2008	50.6	45	44.86	0.9968889	0.14	0.0031111	0.02	0.0004444444444	8.309062	0.00	0.18	0	0	0	6.420470669	0.02	0.14	0.1	0.1	0.002222222222	0.33
BG	Bulgaria	2009	43.7	43	42.75	0.9941860	0.25	0.0058140	0.01	0.0002325581395	8.039297	0.00	0.19	2	0	0	6.021292919	0.03	0.14	0.2	0.2	0.004651162791	0.33
BG	Bulgaria	2010	45.8	46.7	45.97	0.9843683	0.73	0.0156317	0.04	0.0008565310493	7.755407	0.00	0.17	25	0.02	0.0004282655246	6.478523996	0.11	0.14	0.7	0.7	0.01498929336	0.30
BG	Bulgaria	2011	50.7	50.8	49.78	0.9799213	1.02	0.0200787	0.06	0.001181102362	8.565119	0.01	0.17	154	0.1	0.001968503937	5.822891472	0.15	0.11	0.9	0.9	0.01771653543	0.28
BG	Bulgaria	2012	46.1	47.3	45.2	0.9556025	2.1	0.0443975	0.07	0.001479915433	8.610346	0.09	0.18	1013	0.81	0.01712473573	6.761231953	0.18	0.14	1.2	1.2	0.02536997886	0.32
BG	Bulgaria	2013	41	43.8	40.95	0.9349315	2.85	0.0650685	0.11	0.002511415525	8.251863	0.16	0.19	1020	1.36	0.03105022831	6.399500527	0.22	0.15	1.4	1.4	0.03196347032	0.33
BG	Bulgaria	2014	43.3	47.5	44.72	0.9414737	2.78	0.0585263	0.2	0.004210526316	7.664742	0.16	0.16	1026	1.25	0.02631578947	5.706799177	0.23	0.12	1.3	1.3	0.02736842105	0.28
BG	Bulgaria	2015	46.1	49.2	46.09	0.9367886	3.11	0.0632114	0.27	0.005487804878	8.415632	0.16	0.17	1029	1.38	0.02804878049	6.217496588	0.24	0.13	1.5	1.5	0.03048780488	0.30
DK	Denmark	1986	63.6	30.8	30.62	0.9941558	0.18	0.0058442	0.05	0.001623376623	0	0.00	0.00	#N/A	0	0	41.48031097	0.00	1.00	0.1	0.1	0.003246753247	1.00
DK	Denmark	1987	61	29.5	29.27	0.9922034	0.23	0.0077966	0.06	0.002033898305	0	0.00	0.00	#N/A	0	0	36.17175841	0.01	1.00	0.2	0.2	0.006779661017	1.00
DK	Denmark	1988	59.7	28.1	27.73	0.9868327	0.37	0.0131673	0.08	0.002846975089	0	0.00	0.00	#N/A	0	0	42.21027059	0.01	1.00	0.3	0.3	0.01067615658	1.00
DK	Denmark	1989	54	22.9	22.35	0.9759825	0.55	0.0240175	0.13	0.005676855895	0	0.00	0.00	#N/A	0	0	41.05244269	0.01	1.00	0.4	0.4	0.01746724891	1.00
DK	Denmark	1990	55.8	26	25.18	0.9684615	0.82	0.0315385	0.21	0.008076923077	0	0.00	0.00	#N/A	0	0	44.75379214	0.01	1.00	0.6	0.6	0.02307692308	1.00
DK	Denmark	1991	65.5	36.5	35.4	0.9698630	1.1	0.0301370	0.36	0.009863013699	0	0.00	0.00	#N/A	0	0	40.44401867	0.02	1.00	0.7	0.7	0.01917808219	1.00
DK	Denmark	1992	60	30.7	29.26	0.9530945	1.44	0.0469055	0.52	0.01693811075	0	0.00	0.00	#N/A	0	0	41.32848324	0.02	1.00	0.9	0.9	0.02931596091	1.00
DK	Denmark	1993	63.4	34	32.24	0.9482353	1.76	0.0517647	0.73	0.02147058824	0	0.00	0.00	#N/A	0	0	43.65517107	0.02	1.00	1	1	0.02941176471	1.00
DK	Denmark	1994	68.2	40.2	38.49	0.9574627	1.71	0.0425373	0.57	0.01417910448	0	0.00	0.00	#N/A	0	0	45.56750834	0.02	1.00	1.1	1.1	0.02736318408	1.00
DK	Denmark	1995	65.4	36.7	34.88	0.9504087	1.82	0.0495913	0.65	0.01771117166	0	0.00	0.00	#N/A	0	0	42.61659712	0.03	1.00	1.2	1.2	0.03269754768	1.00
DK	Denmark	1996	79.1	53.6	51.54	0.9615672	2.06	0.0384328	0.83	0.01548507463	0	0.00	0.00	0	0	0	37.12646252	0.03	0.69	1.2	1.2	0.0223880597	0.69
DK	Denmark	1997	69.2	44.3	41.39	0.9343115	2.91	0.0656885	0.98	0.02212189616	0	0.00	0.00	0	0	0	38.51700622	0.05	0.87	1.9	1.9	0.04288939052	0.87
DK	Denmark	1998	64.9	41.1	37.2	0.9051095	3.9	0.0948905	1.08	0.02627737226	0	0.00	0.00	0	0	0	44.38815282	0.06	1.00	2.8	2.8	0.06812652068	1.00
DK	Denmark	1999	61.5	38.9	34.55	0.8881748	4.35	0.1118252	1.32	0.03393316195	0	0.00	0.00	0	0	0	37.77509963	0.08	0.97	3	3	0.07712082262	0.97
DK	Denmark	2000	57.5	36	30.46	0.8461111	5.54	0.1538889	1.3	0.03611111111	0	0.00	0.00	1	0	0	42.27440308	0.10	1.00	4.2	4.2	0.1166666667	1.00
DK	Denmark	2001	57.7	37.7	31.88	0.8456233	5.82	0.1543767	1.51	0.0400530504	0	0.00	0.00	1	0	0	35.99962525	0.12	0.95	4.3	4.3	0.1140583554	0.95
DK	Denmark	2002	56.8	39.3	32.54	0.8279898	6.76	0.1720102	1.88	0.04783715013	0	0.00	0.00	2	0	0	39.70514807	0.12	1.00	4.9	4.9	0.1246819338	1.00
DK	Denmark	2003	62	46.2	38.14	0.8255411	8.06	0.1744589	2.49	0.0538961039	0	0.00	0.00	2	0	0	34.10484996	0.16	0.74	5.6	5.6	0.1212121212	0.74
DK	Denmark	2004	56	40.4	30.9	0.7648515	9.5	0.2351485	2.91	0.07202970297	0	0.00	0.00	2	0	0	40.34684201	0.16	1.00	6.6	6.6	0.1633663366	1.00
DK	Denmark	2005	53.3	36.2	26.41	0.7295580	9.79	0.2704420	3.17	0.08756906077	0	0.00	0.00	3	0	0	38.67844536	0.17	1.00	6.6	6.6	0.182320442	1.00
DK	Denmark	2006	61.7	45.6	36.42	0.7986842	9.18	0.2013158	3.07	0.0673245614	0	0.00	0.00	3	0	0	35.70727583	0.17	0.78	6.1	6.1	0.1337719298	0.78
DK	Denmark	2007	56.8	39.3	29.02	0.7384224	10.28	0.2615776	3.11	0.07913486005	0	0.00	0.00	3	0	0	43.07727232	0.17	1.00	7.2	7.2	0.1832061069	1.00
DK	Denmark	2008	54.2	36.6	26.53	0.7248634	10.07	0.2751366	3.14	0.08579234973	0	0.00	0.00	3	0	0	41.13724734	0.17	1.00	6.9	6.9	0.1885245902	1.00
DK	Denmark	2009	50.6	36.4	26.36	0.7241758	10.04	0.2758242	3.32	0.09120879121	0	0.00	0.00	5	0	0	37.27649643	0.18	1.00	6.7	6.7	0.1840659341	1.00
DK	Denmark	2010	51.3	38.9	26.49	0.6809769	12.41	0.3190231	4.59	0.1179948586	0	0.00	0.00	7	0.01	0.0002570694087	35.75433361	0.22	0.92	7.8	7.8	0.2005141388	0.92
DK	Denmark	2011	46.4	35.2	21.04	0.5977273	14.16	0.4022727	4.38	0.1244318182	0	0.00	0.00	17	0.02	0.0005681818182	41.7259012	0.23	1.00	9.8	9.8	0.2784090909	1.00
DK	Denmark	2012	41	30.7	15.88	0.5172638	14.82	0.4827362	4.45	0.1449511401	0	0.00	0.00	402	0.1	0.00325732899	40.62245274	0.25	1.00	10.3	10.3	0.335504886	1.00
DK	Denmark	2013	43.4	34.7	18.75	0.5403458	15.95	0.4596542	4.31	0.1242074928	0	0.00	0.00	571	0.52	0.01498559078	37.57403135	0.30	1.00	11.1	11.1	0.3198847262	1.00
DK	Denmark	2014	40.1	32.2	14.22	0.4416149	17.98	0.5583851	4.3	0.1335403727	0	0.00	0.00	607	0.6	0.01863354037	41.22573152	0.32	1.00	13.1	13.1	0.4068322981	1.00
DK	Denmark	2015	36.8	28.9	9.96	0.3446367	18.94	0.6553633	4.2	0.1453287197	0	0.00	0.00	782	0.6	0.02076124567	45.93482212	0.31	1.00	14.1	14.1	0.4878892734	1.00
FI	Finland	1986	52.9	48.9	48.9	1.0000000	0	0.0000000	0	0	0.049495	0.00	0.00	#N/A	0	0	8.294049454	0.00	0.17	0	0	0	0.17
FI	Finland	1987	55.6	53	53	1.0000000	0	0.0000000	0	0	0.047702	0.00	0.00	#N/A	0	0	7.686922308	0.00	0.15	0	0	0	0.15
FI	Finland	1988	54.8	53.5	53.5	1.0000000	0	0.0000000	0	0	0.048071	0.00	0.00	#N/A	0	0	8.262317807	0.00	0.15	0	0	0	0.16
FI	Finland	1989	55.1	53.4	53.4	1.0000000	0	0.0000000	0	0	0.048152	0.00	0.00	#N/A	0	0	8.746870336	0.00	0.16	0	0	0	0.16
FI	Finland	1990	57.5	54.3	49.14	0.9049724	5.16	0.0950276	5.16	0.09502762431	0.048531	0.00	0.00	#N/A	0	0	8.526280371	0.00	0.16	0	0	0	0.16
FI	Finland	1991	56.6	58	53	0.9137931	5	0.0862069	5	0.08620689655	0.046594	0.00	0.00	#N/A	0	0	7.896378091	0.00	0.14	0	0	0	0.14
FI	Finland	1992	54.4	57.6	52.65	0.9140625	4.95	0.0859375	4.95	0.0859375	0.048884	0.00	0.00	#N/A	0	0	8.814216534	0.00	0.15	0	0	0	0.15
FI	Finland	1993	56.5	61	55.04	0.9022951	5.96	0.0977049	5.96	0.09770491803	0.049503	0.00	0.00	#N/A	0	0	8.286262306	0.00	0.14	0	0	0	0.14
FI	Finland	1994	62.9	65.5	59.03	0.9012214	6.47	0.0987786	6.47	0.09877862595	0.051261	0.00	0.00	#N/A	0	0	7.937371028	0.00	0.12	0.01	0.01	0.0001526717557	0.12
FI	Finland	1995	58.6	64.4	57.78	0.8972050	6.62	0.1027950	6.61	0.1026397516	0.048661	0.00	0.00	#N/A	0	0	8.962761334	0.00	0.14	0.01	0.01	0.0001552795031	0.14
FI	Finland	1996	64.8	69.1	63.2	0.9146165	5.9	0.0853835	5.89	0.08523878437	0.050202	0.00	0.00	0	0	0	7.663661896	0.00	0.11	0.01	0.01	0.0001447178003	0.11
FI	Finland	1997	63.1	69.1	61.19	0.8855282	7.91	0.1144718	7.89	0.1141823444	0.052649	0.00	0.00	0	0	0	8.513363301	0.00	0.12	0.02	0.02	0.0002894356006	0.12
FI	Finland	1998	60.5	70.4	61.04	0.8670455	9.36	0.1329545	9.33	0.1325284091	0.046712	0.00	0.00	0	0	0	8.293260137	0.00	0.12	0.02	0.02	0.0002840909091	0.12
FI	Finland	1999	60.2	69.4	60.99	0.8788184	8.41	0.1211816	8.36	0.1204610951	0.051303	0.00	0.00	0	0	0	8.011892657	0.01	0.12	0.05	0.05	0.0007204610951	0.12
FI	Finland	2000	59.7	70.5	61.83	0.8770213	8.67	0.1229787	8.59	0.1218439716	0.048813	0.00	0.00	2	0	0	8.562210712	0.01	0.12	0.1	0.1	0.001418439716	0.12
FI	Finland	2001	64.6	74.8	66.52	0.8893048	8.28	0.1106952	8.21	0.1097593583	0.050428	0.00	0.00	3	0	0	8.129315412	0.01	0.11	0.1	0.1	0.001336898396	0.11
FI	Finland	2002	67.8	75.4	66.4	0.8806366	9	0.1193634	8.93	0.1184350133	0.055135	0.00	0.00	3	0	0	7.27669476	0.01	0.10	0.1	0.1	0.001326259947	0.10
FI	Finland	2003	76.2	84.7	75.31	0.8891381	9.39	0.1108619	9.29	0.1096812279	0.048321	0.00	0.00	3	0	0	7.900535528	0.01	0.09	0.1	0.1	0.001180637544	0.09
FI	Finland	2004	70	86.3	75.81	0.8784473	10.49	0.1215527	10.37	0.1201622248	0.049612	0.00	0.00	4	0	0	7.582648423	0.01	0.09	0.1	0.1	0.001158748552	0.09
FI	Finland	2005	59.4	70.8	61.15	0.8637006	9.65	0.1362994	9.48	0.1338983051	0.050992	0.00	0.00	4	0	0	8.375958743	0.02	0.12	0.2	0.2	0.002824858757	0.12
FI	Finland	2006	69.6	82.7	71.79	0.8680774	10.91	0.1319226	10.76	0.1301088271	0.051875	0.00	0.00	5	0	0	7.601143665	0.03	0.09	0.2	0.2	0.002418379686	0.09
FI	Finland	2007	67.5	81.7	71.58	0.8761322	10.12	0.1238678	9.93	0.1215422277	0.048969	0.00	0.00	5	0	0	8.076636536	0.02	0.10	0.2	0.2	0.002447980416	0.10
FI	Finland	2008	60	77.8	67.14	0.8629820	10.66	0.1370180	10.39	0.1335475578	0.046157	0.00	0.00	6	0	0	8.162115338	0.04	0.10	0.3	0.3	0.003856041131	0.11
FI	Finland	2009	57.4	72.5	63.48	0.8755862	9.02	0.1244138	8.74	0.1205517241	0.049591	0.00	0.00	6	0	0	7.189901505	0.04	0.10	0.3	0.3	0.004137931034	0.10
FI	Finland	2010	65.5	81.1	69.82	0.8609125	11.28	0.1390875	10.98	0.1353884094	0.049871	0.00	0.00	7	0	0	7.033308643	0.04	0.09	0.3	0.3	0.003699136868	0.09
FI	Finland	2011	57.6	73.7	62.03	0.8416554	11.67	0.1583446	11.18	0.1516960651	0.005112	1.00	0.00	7	0.01	0.0001356852103	8.256183878	0.06	0.11	0.5	0.5	0.006784260516	0.11
FI	Finland	2012	51.5	70.5	58.9	0.8354610	11.6	0.1645390	11.1	0.1574468085	0.046712	0.21	0.00	8	0.01	0.0001418439716	8.085523123	0.06	0.11	0.5	0.5	0.007092198582	0.12
FI	Finland	2013	52.9	71.4	58.68	0.8218487	12.72	0.1781513	11.94	0.1672268908	0.049809	0.20	0.00	9	0.01	0.0001400560224	7.777374295	0.10	0.11	0.8	0.8	0.01120448179	0.11
FI	Finland	2014	48.5	68.2	55.38	0.8120235	12.82	0.1879765	11.71	0.1717008798	0.049565	0.20	0.00	11	0.01	0.000146627566	7.424856759	0.15	0.11	1.1	1.1	0.01612903226	0.11
FI	Finland	2015	44.7	68.8	55.14	0.8014535	13.66	0.1985465	11.32	0.1645348837	0.049021	0.20	0.00	15	0.01	0.0001453488372	8.633909604	0.27	0.13	2.3	2.3	0.03343023256	0.13
FR	France	1986	370.2	362.2	360.54	0.9954169	1.66	0.0045831	1.66	0.004583103258	1.646636	0.00	0.00	#N/A	0	0	480.3151772	0.00	1.00	0	0	0	1.00
FR	France	1987	362.6	377.9	376.15	0.9953691	1.75	0.0046309	1.75	0.004630854723	0.157569	0.00	0.00	#N/A	0	0	432.2074766	0.00	1.00	0	0	0	1.00
FR	France	1988	358.4	391.6	389.83	0.9954801	1.77	0.0045199	1.77	0.004519918284	1.611105	0.00	0.00	#N/A	0	0	490.2112359	0.00	1.00	0	0	0	1.00
FR	France	1989	370.3	406.1	404.26	0.9954691	1.84	0.0045309	1.84	0.004530903718	1.768019	0.00	0.00	#N/A	0	0	428.3238529	0.00	1.00	0	0	0	1.00
FR	France	1990	369.7	420.8	418.89	0.9954610	1.91	0.0045390	1.91	0.004538973384	1.768019	0.00	0.00	#N/A	0	0	454.2744766	0.00	1.00	0	0	0	1.00
FR	France	1991	392	455.6	453.5	0.9953907	2.1	0.0046093	2.1	0.004609306409	1.708559	0.00	0.00	#N/A	0	0	442.4436475	0.00	0.97	0	0	0	0.97
FR	France	1992	381.2	463.6	461.46	0.9953840	2.14	0.0046160	2.13	0.004594477998	1.649924	0.00	0.00	#N/A	0	0	454.0926368	0.00	0.98	0	0	0	0.98
FR	France	1993	364.3	472.7	470.72	0.9958113	1.98	0.0041887	1.97	0.004167548128	0.161046	0.00	0.00	#N/A	0	0	471.6008565	0.00	1.00	0	0	0	1.00
FR	France	1994	350.3	476.9	474.74	0.9954707	2.16	0.0045293	2.16	0.004529251415	1.574043	0.00	0.00	#N/A	0	0	473.1687307	0.00	0.99	0	0	0	1.00
FR	France	1995	356.1	494.3	491.96	0.9952660	2.34	0.0047340	2.33	0.004713736597	1.662097	0.00	0.00	#N/A	0	0	487.5508333	0.00	0.99	0	0	0	0.99
FR	France	1996	373.3	513.4	510.97	0.9952668	2.43	0.0047332	2.42	0.004713673549	1.638156	0.00	0.00	4	0	0	461.7151813	0.00	0.90	0.01	0.01	0.00001947798987	0.90
FR	France	1997	362.2	504.8	502.11	0.9946712	2.69	0.0053288	2.68	0.005309033281	1.778963	0.00	0.00	6	0	0	441.5621497	0.00	0.87	0.01	0.01	0.00001980982567	0.88
FR	France	1998	385	511.3	508.62	0.9947585	2.68	0.0052415	2.65	0.005182867201	1.671366	0.00	0.00	8	0	0	504.7013386	0.00	0.99	0.02	0.02	0.00003911597888	0.99
FR	France	1999	384.6	525.8	522.91	0.9945036	2.89	0.0054964	2.85	0.005420311906	1.643908	0.00	0.00	9	0	0	509.7676246	0.00	0.97	0.04	0.04	0.00007607455306	0.97
FR	France	2000	381.9	540	536.96	0.9943704	3.04	0.0056296	2.99	0.005537037037	1.631141	0.01	0.00	7	0.01	0.00001851851852	490.6656929	0.00	0.91	0.05	0.05	0.00009259259259	0.91
FR	France	2001	383.5	549.5	546.03	0.9936852	3.47	0.0063148	3.33	0.006060054595	1.641052	0.01	0.00	7	0.01	0.00001819836215	483.1193085	0.00	0.88	0.1	0.1	0.0001819836215	0.88
FR	France	2002	380.2	559.1	555.29	0.9931855	3.81	0.0068145	3.54	0.006331604364	1.628768	0.01	0.00	8	0.01	0.00001788588803	491.9733863	0.00	0.88	0.3	0.3	0.000536576641	0.88
FR	France	2003	387.1	566.8	562.69	0.9927488	4.11	0.0072512	3.72	0.006563161609	1.801737	0.01	0.00	9	0.01	0.00001764290755	431.6697509	0.00	0.76	0.4	0.4	0.000705716302	0.76
FR	France	2004	389.1	574.1	569.71	0.9923532	4.39	0.0076468	3.78	0.006584218777	1.670962	0.01	0.00	11	0.01	0.00001741856819	457.6934507	0.00	0.80	0.6	0.6	0.001045114092	0.80
FR	France	2005	390	576.1	571.26	0.9915987	4.84	0.0084013	3.87	0.006717583753	1.681413	0.01	0.00	13	0.01	0.00001735809755	441.5232452	0.00	0.77	1	1	0.001735809755	0.77
FR	France	2006	380.3	574.9	568.87	0.9895112	6.03	0.0104888	3.84	0.006679422508	1.642377	0.01	0.00	15	0.01	0.00001739432945	456.3189582	0.00	0.79	2.2	2.2	0.003826752479	0.80
FR	France	2007	371.2	569.8	561.5	0.9854335	8.3	0.0145665	4.22	0.007406107406	1.671884	0.01	0.00	26	0.02	0.0000351000351	484.6734602	0.01	0.85	4.1	4.1	0.007195507196	0.85
FR	France	2008	371.1	573.8	563.63	0.9822761	10.17	0.0177239	4.44	0.007737887766	0.159703	0.25	0.00	80	0.04	0.00006971070059	462.315161	0.01	0.81	5.7	5.7	0.009933774834	0.81
FR	France	2009	356.3	535.9	523.24	0.9763762	12.66	0.0236238	4.58	0.008546370592	1.706913	0.10	0.00	277	0.17	0.0003172233626	451.0867166	0.02	0.84	7.9	7.9	0.01474155626	0.84
FR	France	2010	361.5	569.3	553.82	0.9728087	15.48	0.0271913	4.92	0.008642192166	1.655663	0.37	0.00	1044	0.62	0.001089056736	446.5425201	0.02	0.78	9.9	9.9	0.01738977692	0.79
FR	France	2011	334.9	565	545.39	0.9652920	19.61	0.0347080	5.48	0.009699115044	1.762511	1.00	0.00	3004	2.08	0.003681415929	413.4570733	0.03	0.73	12.1	12.1	0.0214159292	0.73
FR	France	2012	336.3	564.5	540.18	0.9569176	24.32	0.0430824	5.39	0.009548272808	1.666364	1.00	0.00	4359	4.02	0.007121346324	466.1779806	0.03	0.83	14.9	14.9	0.02639503986	0.83
FR	France	2013	336	573.8	547.64	0.9544092	26.16	0.0455908	5.39	0.009393516905	1.528899	1.00	0.00	5277	4.74	0.00826071802	453.6104739	0.04	0.79	16	16	0.02788428024	0.79
FR	France	2014	302.3	564.2	535.22	0.9486352	28.98	0.0513648	5.82	0.01031549096	1.679722	1.00	0.00	6034	5.91	0.01047500886	441.7367501	0.04	0.78	17.2	17.2	0.03048564339	0.79
FR	France	2015	310.5	570.3	535.34	0.9386989	34.96	0.0613011	6.45	0.01130983693	1.742765	1.00	0.00	7138	7.26	0.01273014203	461.7658947	0.05	0.81	21.2	21.2	0.0371734175	0.81
DE	Germany	1986	1032.4	523.6	522	0.9969442	1.6	0.0030558	1.6	0.003055767762	1.567043	0.00	0.00	#N/A	0	0	2924.386944	0.00	1.00	0	0	0	1.00
DE	Germany	1987	1025.9	532.4	530.95	0.9972765	1.45	0.0027235	1.45	0.002723516153	1.444464	0.00	0.00	#N/A	0	0	2552.197527	0.00	1.00	0	0	0	1.00
DE	Germany	1988	1010.4	549.5	547.85	0.9969973	1.65	0.0030027	1.64	0.002984531392	1.475744	0.00	0.00	#N/A	0	0	3100.384698	0.00	1.00	0.01	0.01	0.00001819836215	1.00
DE	Germany	1989	998.8	559.9	558.12	0.9968209	1.78	0.0031791	1.75	0.003125558135	1.602979	0.00	0.00	#N/A	0	0	2544.623277	0.00	1.00	0.03	0.03	0.00005358099661	1.00
DE	Germany	1990	1003.1	549.9	548.39	0.9972540	1.51	0.0027460	1.44	0.002618657938	1.595907	0.00	0.00	#N/A	0	0	3063.759747	0.00	1.00	0.1	0.1	0.0001818512457	1.00
DE	Germany	1991	965.1	540.2	538.63	0.9970937	1.57	0.0029063	1.47	0.002721214365	1.637726	0.00	0.00	#N/A	0	0	2535.464772	0.00	1.00	0.1	0.1	0.0001851166235	1.00
DE	Germany	1992	919.2	538.2	536.36	0.9965812	1.84	0.0034188	1.56	0.002898550725	1.605774	0.00	0.00	#N/A	0	0	2880.280087	0.00	1.00	0.3	0.3	0.0005574136009	1.00
DE	Germany	1993	911.6	527.1	524.86	0.9957503	2.24	0.0042497	1.64	0.003111364068	1.525752	0.00	0.00	#N/A	0	0	2914.768162	0.00	1.00	0.6	0.6	0.001138303927	1.00
DE	Germany	1994	892.3	528.5	525.71	0.9947209	2.79	0.0052791	1.88	0.003557237465	1.549314	0.01	0.00	#N/A	0.01	0.00001892147588	3110.133212	0.00	1.00	0.9	0.9	0.001702932829	1.00
DE	Germany	1995	884.4	536.8	533.28	0.9934426	3.52	0.0065574	2.01	0.003744411326	1.510947	0.01	0.00	#N/A	0.01	0.00001862891207	2970.848895	0.00	1.00	1.5	1.5	0.002794336811	1.00
DE	Germany	1996	910.6	552.7	548.56	0.9925095	4.14	0.0074905	2.1	0.003799529582	1.474015	0.01	0.00	28	0.01	0.00001809299801	2331.012993	0.00	1.00	2	2	0.003618599602	1.00
DE	Germany	1997	883.3	552.3	547.04	0.9904762	5.26	0.0095238	2.27	0.004110085099	1.617644	0.01	0.00	42	0.02	0.00003621220351	2557.661029	0.00	1.00	3	3	0.005431830527	1.00
DE	Germany	1998	874.2	557.2	549.42	0.9860373	7.78	0.0139627	3.26	0.005850681981	1.617644	0.02	0.00	54	0.04	0.00007178750897	3136.297166	0.00	1.00	4.5	4.5	0.00807609476	1.00
DE	Germany	1999	851.8	556.3	547.16	0.9835700	9.14	0.0164300	3.59	0.006453352508	1.560927	0.02	0.00	70	0.03	0.00005392773683	2911.023996	0.00	1.00	5.5	5.5	0.009886751753	1.00
DE	Germany	2000	849.5	576.6	562.3	0.9751994	14.3	0.0248006	4.73	0.008203260493	1.522169	0.04	0.00	114	0.06	0.0001040582726	2904.859463	0.00	1.00	9.5	9.5	0.01647589317	1.00
DE	Germany	2001	866	586.4	570.6	0.9730559	15.8	0.0269441	5.21	0.008884720327	1.491745	0.05	0.00	195	0.08	0.000136425648	2647.089673	0.00	1.00	10.5	10.5	0.0179058663	1.00
DE	Germany	2002	852.6	586.7	564.7	0.9625021	22	0.0374979	6.05	0.0103119141	1.510055	0.11	0.00	260	0.16	0.0002727117777	2841.497255	0.01	1.00	15.8	15.8	0.02693028805	1.00
DE	Germany	2003	857.9	608.8	580.93	0.9542214	27.87	0.0457786	8.84	0.01452036794	1.772738	0.17	0.00	435	0.31	0.0005091984231	2329.665886	0.01	1.00	18.7	18.7	0.03071616294	1.00
DE	Germany	2004	843.7	617.5	580.96	0.9408259	36.54	0.0591741	10.47	0.01695546559	1.772738	0.32	0.00	1105	0.56	0.0009068825911	2697.567878	0.01	1.00	25.5	25.5	0.04129554656	1.00
DE	Germany	2005	822.2	622.6	579.73	0.9311436	42.87	0.0688564	14.35	0.02304850626	1.562716	0.82	0.00	2056	1.28	0.002055894635	2432.731764	0.01	1.00	27.2	27.2	0.043687761	1.00
DE	Germany	2006	840.1	639.6	587.97	0.9192777	51.63	0.0807223	18.7	0.02923702314	1.555223	1.00	0.00	2899	2.22	0.003470919325	2648.255932	0.01	1.00	30.7	30.7	0.04799874922	1.00
DE	Germany	2007	807.2	640.6	573.45	0.8951764	67.15	0.1048236	24.36	0.03802684983	1.574781	1.00	0.00	4170	3.08	0.004807992507	3072.142775	0.01	1.00	39.7	39.7	0.06197315017	1.00
DE	Germany	2008	806.5	640.7	567.9	0.8863743	72.8	0.1136257	27.81	0.04340565007	1.514039	1.00	0.00	6120	4.42	0.006898704542	2815.230526	0.01	1.00	40.6	40.6	0.06336819104	1.00
DE	Germany	2009	751	595.6	519.46	0.8721625	76.14	0.1278375	30.9	0.05188045668	1.544891	1.00	0.00	10567	6.58	0.01104768301	2507.670366	0.02	1.00	38.6	38.6	0.06480859637	1.00
DE	Germany	2010	780.6	633.1	548.87	0.8669562	84.23	0.1330438	33.95	0.05362501974	1.513727	1.00	0.00	18007	11.73	0.01852787869	2333.728614	0.02	1.00	38.5	38.5	0.06081187806	1.00
DE	Germany	2011	761	613.1	506.73	0.8265046	106.37	0.1734954	36.91	0.06020225086	1.702623	1.00	0.00	25917	19.6	0.03196868374	2649.26508	0.02	1.00	49.9	49.9	0.08138965911	1.00
DE	Germany	2012	770.3	630.1	508.81	0.8075067	121.29	0.1924933	43.23	0.06860815744	1.564544	1.00	0.00	34077	26.38	0.04186637042	2642.830466	0.02	1.00	51.7	51.7	0.08205046818	1.00
DE	Germany	2013	794.6	638.7	509.36	0.7974949	129.34	0.2025051	45.59	0.07137936433	1.389353	1.00	0.00	36711	31.01	0.04855174573	2410.863989	0.02	1.00	52.7	52.7	0.08251135118	1.00
DE	Germany	2014	748.4	627.8	484.86	0.7723160	142.94	0.2276840	48.39	0.07707868748	1.567477	1.00	0.00	37900	36.06	0.05743867474	2388.116253	0.02	1.00	58.5	58.5	0.09318254221	1.00
DE	Germany	2015	751.9	648.1	478.29	0.7379880	169.81	0.2620120	50.46	0.07785835519	1.620264	1.00	0.00	39245	38.73	0.0597592964	2738.64472	0.03	1.00	80.6	80.6	0.1243635241	1.00
GR	Greece	1986	60.1	28.2	28.2	1.0000000	0	0.0000000	0	0	4.953926	0.00	0.18	#N/A	0	0	44.32787667	0.00	1.00	0	0	0	1.00
GR	Greece	1987	67	30.3	30.3	1.0000000	0	0.0000000	0	0	4.810778	0.00	0.16	#N/A	0	0	46.85548386	0.00	1.00	0	0	0	1.00
GR	Greece	1988	71.6	33.4	33.4	1.0000000	0	0.0000000	0	0	4.892281	0.00	0.15	#N/A	0	0	44.03146667	0.00	1.00	0	0	0	1.00
GR	Greece	1989	78.4	34.5	34.5	1.0000000	0	0.0000000	0	0	0.515665	0.00	0.01	#N/A	0	0	43.54423272	0.00	1.00	0	0	0	1.00
GR	Greece	1990	82.6	35	35	1.0000000	0	0.0000000	0	0	5.131837	0.00	0.15	#N/A	0	0	42.97476014	0.00	1.00	0	0	0	1.00
GR	Greece	1991	82.1	35.8	35.8	1.0000000	0	0.0000000	0	0	4.808202	0.00	0.13	#N/A	0	0	44.73681667	0.00	1.00	0	0	0	1.00
GR	Greece	1992	84.6	37.4	37.39	0.9997326	0.01	0.0002674	0	0	5.088512	0.00	0.14	#N/A	0	0	47.60405617	0.00	1.00	0.01	0.01	0.0002673796791	1.00
GR	Greece	1993	86	38.4	38.35	0.9986979	0.05	0.0013021	0	0	5.155514	0.00	0.13	#N/A	0	0	45.98204837	0.00	1.00	0.05	0.05	0.001302083333	1.00
GR	Greece	1994	87.4	40.6	40.56	0.9990148	0.04	0.0009852	0	0	5.005445	0.00	0.12	#N/A	0	0	45.8038172	0.00	1.00	0.04	0.04	0.0009852216749	1.00
GR	Greece	1995	89.5	41.6	41.56	0.9990385	0.04	0.0009615	0	0	4.907305	0.00	0.12	#N/A	0	0	43.12052183	0.00	1.00	0.03	0.03	0.0007211538462	1.00
GR	Greece	1996	90.8	42.6	42.56	0.9990610	0.04	0.0009390	0	0	0.459805	0.00	0.01	0	0	0	45.41863858	0.00	1.00	0.04	0.04	0.0009389671362	1.00
GR	Greece	1997	94.2	43.5	43.46	0.9990805	0.04	0.0009195	0	0	4.977487	0.00	0.11	0	0	0	46.18562415	0.00	1.00	0.04	0.04	0.0009195402299	1.00
GR	Greece	1998	99.6	46.3	46.23	0.9984881	0.07	0.0015119	0	0	4.975004	0.00	0.11	0	0	0	45.81128655	0.00	0.99	0.1	0.1	0.002159827214	1.00
GR	Greece	1999	98	49.6	49.44	0.9967742	0.16	0.0032258	0	0	4.950452	0.00	0.10	0	0	0	41.57780405	0.00	0.84	0.2	0.2	0.004032258065	0.94
GR	Greece	2000	103.6	53.8	53.35	0.9916357	0.45	0.0083643	0	0	5.180945	0.00	0.10	0	0	0	43.85233967	0.01	0.82	0.5	0.5	0.009293680297	0.91
GR	Greece	2001	105.8	53.7	52.86	0.9843575	0.84	0.0156425	0.08	0.001489757914	4.961443	0.00	0.09	1	0	0	50.12762146	0.02	0.93	0.8	0.8	0.01489757914	1.00
GR	Greece	2002	105.1	54.6	53.82	0.9857143	0.78	0.0142857	0.13	0.002380952381	4.843261	0.00	0.09	1	0	0	37.82953005	0.02	0.69	0.7	0.7	0.01282051282	0.78
GR	Greece	2003	108.4	58.5	57.37	0.9806838	1.13	0.0193162	0.11	0.00188034188	4.816172	0.00	0.08	1	0	0	48.29137956	0.02	0.83	1	1	0.01709401709	0.91
GR	Greece	2004	108.6	59.3	58.05	0.9789207	1.25	0.0210793	0.12	0.002023608769	4.900852	0.00	0.08	1	0	0	46.41613669	0.02	0.78	1.1	1.1	0.01854974705	0.87
GR	Greece	2005	109.1	60	58.61	0.9768333	1.39	0.0231667	0.12	0.002	4.904674	0.00	0.08	1	0	0	43.41232005	0.03	0.72	1.3	1.3	0.02166666667	0.81
GR	Greece	2006	110.1	60.8	58.99	0.9702303	1.81	0.0297697	0.11	0.001809210526	4.864689	0.00	0.08	5	0	0	42.60520517	0.04	0.70	1.7	1.7	0.02796052632	0.78
GR	Greece	2007	114.6	63.5	61.5	0.9685039	2	0.0314961	0.18	0.002834645669	5.041606	0.00	0.08	9	0	0	42.27746228	0.04	0.67	1.8	1.8	0.02834645669	0.75
GR	Greece	2008	108.9	63.7	61.26	0.9616954	2.44	0.0383046	0.19	0.002982731554	4.972021	0.00	0.08	12	0.01	0.0001569858713	43.33998429	0.05	0.68	2.2	2.2	0.03453689168	0.76
GR	Greece	2009	104.2	61.4	58.59	0.9542345	2.81	0.0457655	0.22	0.003583061889	4.797265	0.01	0.08	46	0.05	0.0008143322476	43.04918273	0.06	0.70	2.5	2.5	0.04071661238	0.78
GR	Greece	2010	96	57.4	54.34	0.9466899	3.06	0.0533101	0.19	0.00331010453	4.784009	0.03	0.08	202	0.16	0.002787456446	44.10851356	0.06	0.77	2.7	2.7	0.04703832753	0.85
GR	Greece	2011	95.4	59.4	55.27	0.9304714	4.13	0.0695286	0.21	0.003535353535	0.503233	1.00	0.01	612	0.61	0.01026936027	45.15753756	0.07	0.76	3.3	3.3	0.05555555556	0.77
GR	Greece	2012	89.8	61	55.25	0.9057377	5.75	0.0942623	0.2	0.003278688525	5.009042	0.34	0.08	1536	1.69	0.02770491803	47.86484066	0.08	0.78	3.9	3.9	0.06393442623	0.87
GR	Greece	2013	81.3	57.2	49.2	0.8601399	8	0.1398601	0.22	0.003846153846	4.932518	0.74	0.09	2579	3.65	0.06381118881	45.63155648	0.09	0.80	4.1	4.1	0.07167832168	0.88
GR	Greece	2014	77.7	50.5	42.8	0.8475248	7.7	0.1524752	0.22	0.004356435644	4.776726	0.79	0.09	2596	3.79	0.07504950495	34.43014534	0.11	0.68	3.7	3.7	0.07326732673	0.78
GR	Greece	2015	75.1	51.9	43.15	0.8314066	8.75	0.1685934	0.23	0.004431599229	5.002655	0.78	0.10	2604	3.9	0.07514450867	41.327302	0.11	0.80	4.6	4.6	0.08863198459	0.89
HU	Hungary	1986	78.7	28	28	1.0000000	0	0.0000000	0	0	0.260768	0.00	0.01	#N/A	0	0	7.207468769	0.00	0.26	0	0	0	0.27
HU	Hungary	1987	80.1	29.7	29.7	1.0000000	0	0.0000000	0	0	0.241751	0.00	0.01	#N/A	0	0	7.706430392	0.00	0.26	0	0	0	0.27
HU	Hungary	1988	75.8	29.2	29.2	1.0000000	0	0.0000000	0	0	0.253006	0.00	0.01	#N/A	0	0	7.788474819	0.00	0.27	0	0	0	0.28
HU	Hungary	1989	72.2	29.6	29.6	1.0000000	0	0.0000000	0	0	0.252173	0.00	0.01	#N/A	0	0	6.428495145	0.00	0.22	0	0	0	0.23
HU	Hungary	1990	72.5	28.4	28.38	0.9992958	0.02	0.0007042	0.02	0.0007042253521	0.260378	0.00	0.01	#N/A	0	0	6.864593961	0.00	0.24	0	0	0	0.25
HU	Hungary	1991	67.3	30	29.98	0.9993333	0.02	0.0006667	0.02	0.0006666666667	0.251553	0.00	0.01	#N/A	0	0	6.665889572	0.00	0.22	0	0	0	0.23
HU	Hungary	1992	62.4	31.7	31.65	0.9984227	0.05	0.0015773	0.05	0.001577287066	0.271813	0.00	0.01	#N/A	0	0	7.844871163	0.00	0.25	0	0	0	0.26
HU	Hungary	1993	59.6	32.9	32.86	0.9987842	0.04	0.0012158	0.04	0.001215805471	0.250145	0.00	0.01	#N/A	0	0	8.239634109	0.00	0.25	0	0	0	0.26
HU	Hungary	1994	59.5	33.5	33.45	0.9985075	0.05	0.0014925	0.05	0.001492537313	0.255097	0.00	0.01	#N/A	0	0	7.920015575	0.00	0.24	0	0	0	0.24
HU	Hungary	1995	58.7	34	33.94	0.9982353	0.06	0.0017647	0.06	0.001764705882	0.242907	0.00	0.01	#N/A	0	0	7.62205591	0.00	0.22	0	0	0	0.23
HU	Hungary	1996	59.5	35.1	35.05	0.9985755	0.05	0.0014245	0.05	0.001424501425	0.232247	0.00	0.01	0	0	0	7.411317652	0.00	0.21	0	0	0	0.22
HU	Hungary	1997	57.6	35.4	35.35	0.9985876	0.05	0.0014124	0.05	0.001412429379	0.260603	0.00	0.01	0	0	0	7.875011656	0.00	0.22	0	0	0	0.23
HU	Hungary	1998	58	37.2	37.14	0.9983871	0.06	0.0016129	0.06	0.001612903226	0.251222	0.00	0.01	0	0	0	8.108318909	0.00	0.22	0	0	0	0.22
HU	Hungary	1999	59.2	37.8	37.73	0.9981481	0.07	0.0018519	0.07	0.001851851852	0.240584	0.00	0.01	0	0	0	7.67007595	0.00	0.20	0	0	0	0.21
HU	Hungary	2000	55.5	35.2	35.13	0.9980114	0.07	0.0019886	0.07	0.001988636364	0.270414	0.00	0.01	0	0	0	7.952631327	0.00	0.23	0	0	0	0.23
HU	Hungary	2001	57.3	36.4	36.33	0.9980769	0.07	0.0019231	0.07	0.001923076923	0.249364	0.00	0.01	0	0	0	7.954109076	0.00	0.22	0	0	0	0.23
HU	Hungary	2002	56	36.2	36.16	0.9988950	0.04	0.0011050	0.04	0.001104972376	0.248387	0.00	0.01	0	0	0	7.870582989	0.00	0.22	0	0	0	0.22
HU	Hungary	2003	58.5	34.1	33.93	0.9950147	0.17	0.0049853	0.16	0.004692082111	0.269134	0.00	0.01	0	0	0	7.078546386	0.00	0.21	0	0	0	0.22
HU	Hungary	2004	57.2	33.7	32.97	0.9783383	0.73	0.0216617	0.73	0.02166172107	0.241657	0.00	0.01	0	0	0	7.602613576	0.00	0.23	0.01	0.01	0.000296735905	0.23
HU	Hungary	2005	57.4	35.8	34.13	0.9533520	1.67	0.0466480	1.66	0.04636871508	0.024573	0.00	0.00	0	0	0	7.04275434	0.00	0.20	0.01	0.01	0.0002793296089	0.20
HU	Hungary	2006	57.2	35.9	34.59	0.9635097	1.31	0.0364903	1.26	0.03509749304	0.242858	0.00	0.01	0	0	0	6.406119649	0.01	0.18	0.04	0.04	0.001114206128	0.19
HU	Hungary	2007	55.6	40	38.33	0.9582500	1.67	0.0417500	1.56	0.039	0.262433	0.00	0.01	0	0	0	7.481804093	0.01	0.19	0.1	0.1	0.0025	0.19
HU	Hungary	2008	54.4	40	37.86	0.9465000	2.14	0.0535000	1.94	0.0485	0.253716	0.00	0.01	1	0	0	7.653123113	0.03	0.19	0.2	0.2	0.005	0.20
HU	Hungary	2009	48.2	35.9	33.23	0.9256267	2.67	0.0743733	2.34	0.0651810585	0.249885	0.00	0.01	1	0	0	7.066479058	0.04	0.20	0.3	0.3	0.008356545961	0.20
HU	Hungary	2010	48.8	37.4	34.57	0.9243316	2.83	0.0756684	2.3	0.0614973262	0.232297	0.00	0.01	2	0	0	7.3533598	0.07	0.20	0.5	0.5	0.01336898396	0.20
HU	Hungary	2011	50.3	36	33.51	0.9308333	2.49	0.0691667	1.86	0.05166666667	0.270456	0.00	0.01	4	0	0	6.479373271	0.09	0.18	0.6	0.6	0.01666666667	0.19
HU	Hungary	2012	45.9	34.6	32.17	0.9297688	2.43	0.0702312	1.66	0.04797687861	0.267656	0.04	0.01	12	0.01	0.000289017341	7.651561687	0.10	0.22	0.8	0.8	0.02312138728	0.23
HU	Hungary	2013	43.3	30.3	27.73	0.9151815	2.57	0.0848185	1.83	0.0603960396	0.023494	1.00	0.00	35	0.03	0.0009900990099	7.107139087	0.10	0.23	0.7	0.7	0.02310231023	0.24
HU	Hungary	2014	42.3	29.4	26.55	0.9030612	2.85	0.0969388	2.13	0.07244897959	0.239748	0.29	0.01	89	0.07	0.002380952381	6.45548011	0.11	0.22	0.7	0.7	0.02380952381	0.23
HU	Hungary	2015	45.1	30.4	27.4	0.9013158	3	0.0986842	2.16	0.07105263158	0.254694	0.55	0.01	172	0.14	0.004605263158	6.710142198	0.10	0.22	0.7	0.7	0.02302631579	0.23
IE	Ireland	1986	28.6	12.7	12.7	1.0000000	0	0.0000000	0	0	0.001852	0.00	0.00	#N/A	0	0	13.52929276	0.00	1.00	0	0	0	1.00
IE	Ireland	1987	29.7	13.1	13.1	1.0000000	0	0.0000000	0	0	0.001811	0.00	0.00	#N/A	0	0	11.00012704	0.00	0.84	0	0	0	0.84
IE	Ireland	1988	29.1	13.2	13.2	1.0000000	0	0.0000000	0	0	0.001814	0.00	0.00	#N/A	0	0	12.15257146	0.00	0.92	0	0	0	0.92
IE	Ireland	1989	29.8	13.8	13.8	1.0000000	0	0.0000000	0	0	0.001864	0.00	0.00	#N/A	0	0	12.11205049	0.00	0.88	0	0	0	0.88
IE	Ireland	1990	31	14.5	14.5	1.0000000	0	0.0000000	0	0	0.001848	0.00	0.00	#N/A	0	0	13.46887427	0.00	0.93	0	0	0	0.93
IE	Ireland	1991	31.6	15.1	15.1	1.0000000	0	0.0000000	0	0	0.001838	0.00	0.00	#N/A	0	0	11.69865296	0.00	0.77	0	0	0	0.77
IE	Ireland	1992	31.8	16	15.99	0.9993750	0.01	0.0006250	0	0	0.001857	0.00	0.00	#N/A	0	0	12.85749448	0.00	0.80	0.01	0.01	0.000625	0.80
IE	Ireland	1993	32.2	16.4	16.38	0.9987805	0.02	0.0012195	0	0	0.001707	0.00	0.00	#N/A	0	0	12.1940215	0.00	0.74	0.02	0.02	0.001219512195	0.74
IE	Ireland	1994	33.1	17.1	17.08	0.9988304	0.02	0.0011696	0	0	0.001729	0.00	0.00	#N/A	0	0	13.43423638	0.00	0.79	0.02	0.02	0.001169590643	0.79
IE	Ireland	1995	33.9	17.8	17.78	0.9988764	0.02	0.0011236	0	0	0.001916	0.00	0.00	#N/A	0	0	12.26159944	0.00	0.69	0.02	0.02	0.001123595506	0.69
IE	Ireland	1996	35.6	19.2	19.16	0.9979167	0.04	0.0020833	0.03	0.0015625	0.000182	0.00	0.00	#N/A	0	0	11.8932701	0.00	0.62	0.01	0.01	0.0005208333333	0.62
IE	Ireland	1997	37.3	20	19.87	0.9935000	0.13	0.0065000	0.08	0.004	0.001763	0.00	0.00	#N/A	0	0	11.39525002	0.01	0.57	0.1	0.1	0.005	0.57
IE	Ireland	1998	40	21.2	20.95	0.9882075	0.25	0.0117925	0.09	0.004245283019	0.001747	0.00	0.00	#N/A	0	0	12.88330262	0.02	0.61	0.2	0.2	0.009433962264	0.61
IE	Ireland	1999	42.1	22	21.72	0.9872727	0.28	0.0127273	0.09	0.004090909091	0.001791	0.00	0.00	#N/A	0	0	12.86259703	0.02	0.58	0.2	0.2	0.009090909091	0.58
IE	Ireland	2000	43.4	24	23.66	0.9858333	0.34	0.0141667	0.1	0.004166666667	0.001881	0.00	0.00	#N/A	0	0	12.31816255	0.02	0.51	0.2	0.2	0.008333333333	0.51
IE	Ireland	2001	46.4	25	24.57	0.9828000	0.43	0.0172000	0.1	0.004	0.001931	0.00	0.00	#N/A	0	0	10.4664829	0.03	0.42	0.3	0.3	0.012	0.42
IE	Ireland	2002	45.7	25.2	24.73	0.9813492	0.47	0.0186508	0.08	0.003174603175	0.001809	0.00	0.00	#N/A	0	0	12.44619799	0.03	0.49	0.4	0.4	0.01587301587	0.49
IE	Ireland	2003	45.3	25.2	24.66	0.9785714	0.54	0.0214286	0.09	0.003571428571	0.001961	0.00	0.00	#N/A	0	0	11.81688181	0.04	0.47	0.5	0.5	0.01984126984	0.47
IE	Ireland	2004	45.5	25.6	24.84	0.9703125	0.76	0.0296875	0.11	0.004296875	0.001934	0.00	0.00	#N/A	0	0	12.22036271	0.06	0.48	0.7	0.7	0.02734375	0.48
IE	Ireland	2005	47.7	26	24.76	0.9523077	1.24	0.0476923	0.13	0.005	0.001739	0.00	0.00	#N/A	0	0	11.89302349	0.09	0.46	1.1	1.1	0.04230769231	0.46
IE	Ireland	2006	47.5	27.5	25.75	0.9363636	1.75	0.0636364	0.13	0.004727272727	0.000178	0.00	0.00	#N/A	0	0	11.70658395	0.14	0.43	1.6	1.6	0.05818181818	0.43
IE	Ireland	2007	48.4	28.7	26.57	0.9257840	2.13	0.0742160	0.17	0.005923344948	0.001866	0.00	0.00	#N/A	0	0	11.19182514	0.18	0.39	2	2	0.06968641115	0.39
IE	Ireland	2008	47.9	30.3	27.68	0.9135314	2.62	0.0864686	0.21	0.006930693069	0.001744	0.00	0.00	#N/A	0	0	12.65447325	0.19	0.42	2.4	2.4	0.07920792079	0.42
IE	Ireland	2009	43	28.4	25.19	0.8869718	3.21	0.1130282	0.25	0.008802816901	0.001836	0.00	0.00	#N/A	0	0	11.96874529	0.25	0.42	3	3	0.1056338028	0.42
IE	Ireland	2010	42.6	28.7	25.57	0.8909408	3.13	0.1090592	0.32	0.01114982578	0.000203	0.00	0.00	#N/A	0	0	9.048815917	0.31	0.32	2.8	2.8	0.09756097561	0.32
IE	Ireland	2011	38.6	27.5	22.78	0.8283636	4.72	0.1716364	0.34	0.01236363636	0.001867	0.00	0.00	#N/A	0	0	12.28888602	0.36	0.45	4.4	4.4	0.16	0.45
IE	Ireland	2012	38.7	27.6	23.15	0.8387681	4.45	0.1612319	0.44	0.01594202899	0.001725	0.00	0.00	#N/A	0	0	11.2361475	0.36	0.41	4	4	0.1449275362	0.41
IE	Ireland	2013	37.5	26.1	21.08	0.8076628	5.02	0.1923372	0.48	0.0183908046	0.001753	0.00	0.00	#N/A	0	0	11.90585455	0.38	0.46	4.5	4.5	0.1724137931	0.46
IE	Ireland	2014	37.2	26.3	20.62	0.7840304	5.68	0.2159696	0.54	0.02053231939	0.001832	0.00	0.00	#N/A	0	0	11.2294355	0.45	0.43	5.1	5.1	0.1939163498	0.43
IE	Ireland	2015	39	28.4	21.35	0.7517606	7.05	0.2482394	0.48	0.01690140845	0.001879	0.00	0.00	#N/A	0	0	12.56641087	0.53	0.44	6.6	6.6	0.2323943662	0.44
IT	Italy	1986	360	192.3	188.8	0.9817993	3.5	0.0182007	3.5	0.01820072803	5.358119	0.00	0.03	#N/A	0	0	247.7006245	0.00	1.00	0	0	0	1.00
IT	Italy	1987	375.4	201.4	197.71	0.9816783	3.69	0.0183217	3.69	0.01832174777	5.264404	0.00	0.03	#N/A	0	0	270.3877697	0.00	1.00	0	0	0	1.00
IT	Italy	1988	380.3	203.6	199.81	0.9813851	3.79	0.0186149	3.79	0.01861493124	5.360086	0.00	0.03	#N/A	0	0	266.5691971	0.00	1.00	0	0	0	1.00
IT	Italy	1989	400.8	210.8	207.6	0.9848197	3.2	0.0151803	3.2	0.01518026565	5.541737	0.00	0.03	#N/A	0	0	216.6490513	0.00	1.00	0	0	0	1.00
IT	Italy	1990	401.9	216.9	213.62	0.9848778	3.28	0.0151222	3.27	0.01507607192	5.471921	0.00	0.03	#N/A	0	0	238.7719237	0.00	1.00	0	0	0	1.00
IT	Italy	1991	402.9	222	218.7	0.9851351	3.3	0.0148649	3.29	0.01481981982	5.380842	0.00	0.02	#N/A	0.01	0.00004504504505	255.8450367	0.00	1.00	0	0	0	1.00
IT	Italy	1992	400.7	226.2	222.63	0.9842175	3.57	0.0157825	3.56	0.0157382847	5.408296	0.00	0.02	#N/A	0.01	0.0000442086649	254.3620267	0.00	1.00	0	0	0	1.00
IT	Italy	1993	395.7	222.8	219	0.9829443	3.8	0.0170557	3.78	0.01696588869	5.409296	0.00	0.02	#N/A	0.01	0.00004488330341	269.4206714	0.00	1.00	0	0	0	1.00
IT	Italy	1994	393.5	231.8	228.22	0.9845557	3.58	0.0154443	3.56	0.0153580673	5.410353	0.00	0.02	#N/A	0.01	0.00004314063848	257.1222482	0.00	1.00	0.01	0.01	0.00004314063848	1.00
IT	Italy	1995	413.8	241.5	237.82	0.9847619	3.68	0.0152381	3.65	0.01511387164	5.329541	0.00	0.02	#N/A	0.01	0.00004140786749	276.7806594	0.00	1.00	0.01	0.01	0.00004140786749	1.00
IT	Italy	1996	409.2	244.5	240.32	0.9829039	4.18	0.0170961	4.14	0.01693251534	5.039021	0.00	0.02	16	0.01	0.0000408997955	267.2657698	0.00	1.00	0.03	0.03	0.0001226993865	1.00
IT	Italy	1997	413.2	251.5	246.9	0.9817097	4.6	0.0182903	4.47	0.01777335984	5.629616	0.00	0.02	17	0.02	0.00007952286282	275.1390767	0.00	1.00	0.1	0.1	0.0003976143141	1.00
IT	Italy	1998	426.3	259.8	254.54	0.9797537	5.26	0.0202463	5.01	0.01928406467	5.588718	0.00	0.02	18	0.02	0.00007698229407	282.0337984	0.00	1.00	0.2	0.2	0.0007698229407	1.00
IT	Italy	1999	430.7	265.7	259.75	0.9776063	5.95	0.0223937	5.53	0.02081294693	5.344151	0.00	0.02	18	0.02	0.00007527286413	289.747832	0.00	1.00	0.4	0.4	0.001505457283	1.00
IT	Italy	2000	435.2	276.6	269.92	0.9758496	6.68	0.0241504	6.1	0.02205350687	5.483338	0.00	0.02	19	0.02	0.0000723065799	271.3941208	0.00	0.98	0.6	0.6	0.002169197397	1.00
IT	Italy	2001	432.6	279	271.46	0.9729749	7.54	0.0270251	6.34	0.02272401434	5.465244	0.00	0.02	20	0.02	0.00007168458781	304.0669557	0.00	1.00	1.2	1.2	0.004301075269	1.00
IT	Italy	2002	434.5	284.4	275.6	0.9690577	8.8	0.0309423	7.37	0.02591420534	5.217816	0.00	0.02	22	0.02	0.00007032348805	254.8971985	0.01	0.90	1.4	1.4	0.004922644163	0.91
IT	Italy	2003	453.1	293.9	283.7	0.9652943	10.2	0.0347057	8.71	0.02963593059	5.595503	0.00	0.02	26	0.02	0.00006805035726	271.6682658	0.01	0.92	1.5	1.5	0.005103776795	0.94
IT	Italy	2004	471.1	303.3	291.77	0.9619848	11.53	0.0380152	9.66	0.03184965381	5.282984	0.01	0.02	31	0.03	0.00009891196835	265.3463531	0.01	0.87	1.8	1.8	0.005934718101	0.89
IT	Italy	2005	472.3	303.7	291.33	0.9592690	12.37	0.0407310	10	0.03292723082	5.322428	0.01	0.02	34	0.03	0.00009878169246	235.5372815	0.01	0.78	2.3	2.3	0.007573263089	0.79
IT	Italy	2006	470.2	314.1	300.46	0.9565743	13.64	0.0434257	10.64	0.03387456224	5.412798	0.01	0.02	45	0.04	0.0001273479784	227.5436845	0.01	0.72	3	3	0.009551098376	0.74
IT	Italy	2007	460.9	313.9	299	0.9525327	14.9	0.0474673	10.83	0.03450143358	5.554851	0.01	0.02	110	0.04	0.0001274291176	253.8224907	0.02	0.81	4	4	0.01274291176	0.83
IT	Italy	2008	446.9	319.1	302.56	0.9481667	16.54	0.0518333	11.49	0.03600752115	5.282559	0.04	0.02	483	0.19	0.0005954246318	251.9359025	0.02	0.79	4.9	4.9	0.01535568787	0.81
IT	Italy	2009	404	292.6	272.48	0.9312372	20.12	0.0687628	12.9	0.04408749146	5.352978	0.13	0.02	1264	0.68	0.002323991798	258.828702	0.03	0.88	6.5	6.5	0.02221462748	0.90
IT	Italy	2010	409.8	302.1	276.25	0.9144323	25.85	0.0855677	14.82	0.04905660377	5.116801	0.37	0.02	3597	1.91	0.006322409798	259.7070002	0.04	0.86	9.1	9.1	0.030122476	0.88
IT	Italy	2011	399.8	302.6	265.46	0.8772637	37.14	0.1227363	16.49	0.05449438202	5.712191	1.00	0.02	13136	10.8	0.03569068077	218.4774038	0.05	0.72	9.9	9.9	0.03271645737	0.74
IT	Italy	2012	386.6	299.3	248.95	0.8317741	50.35	0.1682259	18.08	0.06040761777	5.541051	1.00	0.02	16790	18.86	0.06301369863	269.5635621	0.05	0.90	13.4	13.4	0.04477113264	0.92
IT	Italy	2013	353.6	289.8	230.57	0.7956177	59.23	0.2043823	22.75	0.07850241546	5.088137	1.00	0.02	18190	21.59	0.07449965493	245.2526345	0.06	0.85	14.9	14.9	0.05141476881	0.86
IT	Italy	2014	330.2	279.8	217.67	0.7779485	62.13	0.2220515	24.65	0.08809864189	5.170979	1.00	0.02	18600	22.31	0.07973552538	228.7035345	0.07	0.82	15.2	15.2	0.05432451751	0.84
IT	Italy	2015	343.1	283	219.63	0.7760777	63.37	0.2239223	25.58	0.09038869258	5.514344	1.00	0.02	18907	22.94	0.08106007067	229.7628536	0.06	0.81	14.8	14.8	0.05229681979	0.83
NL	Netherlands	1986	174.3	67.2	66.65	0.9918155	0.55	0.0081845	0.55	0.00818452381	0.181725	0.00	0.00	#N/A	0	0	91.45648459	0.00	1.00	0	0	0	1.00
NL	Netherlands	1987	181.9	68.4	67.7	0.9897661	0.7	0.0102339	0.7	0.01023391813	1.672599	0.00	0.02	#N/A	0	0	75.6354135	0.00	1.00	0	0	0	1.00
NL	Netherlands	1988	186	69.7	68.85	0.9878049	0.85	0.0121951	0.84	0.01205164993	1.640368	0.00	0.02	#N/A	0	0	92.41380694	0.00	1.00	0.02	0.02	0.0002869440459	1.00
NL	Netherlands	1989	187.1	73.1	72.18	0.9874145	0.92	0.0125855	0.9	0.0123119015	1.826597	0.00	0.02	#N/A	0	0	78.8719901	0.00	1.00	0.02	0.02	0.0002735978112	1.00
NL	Netherlands	1990	195.9	71.9	71.17	0.9898470	0.73	0.0101530	0.67	0.009318497914	1.787454	0.00	0.02	#N/A	0	0	92.59819179	0.00	1.00	0.1	0.1	0.001390820584	1.00
NL	Netherlands	1991	201.6	74.3	73.46	0.9886945	0.84	0.0113055	0.75	0.01009421265	1.813965	0.00	0.02	#N/A	0	0	78.61723442	0.00	1.00	0.1	0.1	0.00134589502	1.00
NL	Netherlands	1992	203	77.2	76.3	0.9883420	0.9	0.0116580	0.75	0.009715025907	1.803008	0.00	0.02	#N/A	0	0	86.27700622	0.00	1.00	0.1	0.1	0.001295336788	1.00
NL	Netherlands	1993	207.1	77	75.96	0.9864935	1.04	0.0135065	0.86	0.01116883117	1.669193	0.00	0.02	#N/A	0	0	83.36981848	0.00	1.00	0.2	0.2	0.002597402597	1.00
NL	Netherlands	1994	204.6	79.7	78.52	0.9851945	1.18	0.0148055	0.94	0.01179422836	1.711598	0.00	0.02	#N/A	0	0	86.82276851	0.00	1.00	0.2	0.2	0.002509410289	1.00
NL	Netherlands	1995	211.7	81.1	79.76	0.9834772	1.34	0.0165228	1.02	0.01257706535	1.843708	0.00	0.02	#N/A	0	0	86.17345385	0.00	1.00	0.3	0.3	0.003699136868	1.00
NL	Netherlands	1996	221.7	85.2	83.44	0.9793427	1.76	0.0206573	1.32	0.01549295775	1.723725	0.00	0.02	1	0	0	78.88693053	0.01	0.93	0.4	0.4	0.004694835681	0.95
NL	Netherlands	1997	218.9	86.7	84.76	0.9776240	1.94	0.0223760	1.46	0.01683967705	1.776397	0.00	0.02	1	0	0	77.82348962	0.01	0.90	0.5	0.5	0.005767012687	0.92
NL	Netherlands	1998	219.9	92	89.77	0.9757609	2.23	0.0242391	1.59	0.0172826087	1.557103	0.00	0.02	1	0	0	92.10856223	0.01	1.00	0.6	0.6	0.00652173913	1.00
NL	Netherlands	1999	216.6	87.6	85.16	0.9721461	2.44	0.0278539	1.79	0.02043378995	1.793359	0.01	0.02	5	0.01	0.0001141552511	89.65376656	0.01	1.00	0.6	0.6	0.006849315068	1.00
NL	Netherlands	2000	218.4	90.2	87.35	0.9684035	2.85	0.0315965	2.01	0.02228381375	1.656142	0.01	0.02	13	0.01	0.000110864745	92.2071602	0.01	1.00	0.8	0.8	0.008869179601	1.00
NL	Netherlands	2001	228.5	94.1	90.9	0.9659936	3.2	0.0340064	2.36	0.02507970244	0.171567	0.06	0.00	21	0.01	0.0001062699256	81.18732396	0.01	0.86	0.8	0.8	0.008501594049	0.86
NL	Netherlands	2002	228.6	95.1	91.23	0.9593060	3.87	0.0406940	2.91	0.03059936909	1.736071	0.01	0.02	26	0.02	0.0002103049422	82.72970667	0.01	0.87	0.9	0.9	0.009463722397	0.89
NL	Netherlands	2003	228.6	98.1	94.2	0.9602446	3.9	0.0397554	2.55	0.02599388379	1.991561	0.02	0.02	46	0.03	0.0003058103976	70.9390049	0.02	0.72	1.3	1.3	0.01325178389	0.74
NL	Netherlands	2004	235.1	102.1	96.87	0.9487757	5.23	0.0512243	3.32	0.03251714006	0.177479	0.17	0.00	50	0.03	0.0002938295788	81.41397727	0.02	0.80	1.9	1.9	0.01860920666	0.80
NL	Netherlands	2005	237.7	100.8	93.42	0.9267857	7.38	0.0732143	5.28	0.05238095238	1.788426	0.02	0.02	51	0.03	0.0002976190476	78.08840752	0.03	0.77	2.1	2.1	0.02083333333	0.79
NL	Netherlands	2006	235.3	98.8	90.84	0.9194332	7.96	0.0805668	5.19	0.05253036437	0.171147	0.23	0.00	53	0.04	0.0004048582996	82.52199954	0.03	0.84	2.7	2.7	0.02732793522	0.84
NL	Netherlands	2007	234.2	105.2	97.7	0.9287072	7.5	0.0712928	4.03	0.03830798479	1.732902	0.02	0.02	54	0.04	0.0003802281369	86.23595545	0.04	0.82	3.4	3.4	0.03231939163	0.84
NL	Netherlands	2008	231.4	108.2	98.82	0.9133087	9.38	0.0866913	5.08	0.04695009242	1.720933	0.02	0.02	59	0.04	0.0003696857671	86.88785084	0.05	0.80	4.3	4.3	0.03974121996	0.82
NL	Netherlands	2009	222.6	113.5	102.76	0.9053744	10.74	0.0946256	6.11	0.05383259912	1.778046	0.02	0.02	69	0.04	0.0003524229075	79.45295366	0.06	0.70	4.6	4.6	0.04052863436	0.72
NL	Netherlands	2010	232.4	118.1	106.99	0.9059272	11.11	0.0940728	7.06	0.05977984759	1.747026	0.03	0.01	90	0.06	0.0005080440305	68.26442173	0.06	0.58	4	4	0.03386960203	0.59
NL	Netherlands	2011	224.4	113	100.72	0.8913274	12.28	0.1086726	7.08	0.06265486726	1.824869	0.05	0.02	149	0.1	0.0008849557522	80.70371168	0.06	0.71	5.1	5.1	0.04513274336	0.73
NL	Netherlands	2012	217.3	102.5	90.06	0.8786341	12.44	0.1213659	7.2	0.07024390244	1.675624	0.15	0.02	369	0.25	0.00243902439	77.66655119	0.06	0.76	5	5	0.0487804878	0.77
NL	Netherlands	2013	211.7	100.9	88.8	0.8800793	12.1	0.1199207	5.95	0.05896927651	1.634756	0.32	0.02	746	0.52	0.005153617443	78.59951648	0.07	0.78	5.6	5.6	0.05550049554	0.80
NL	Netherlands	2014	200.8	103.4	91.8	0.8878143	11.6	0.1121857	5.01	0.04845261122	1.768735	0.44	0.02	1048	0.78	0.007543520309	77.6642665	0.07	0.75	5.8	5.8	0.05609284333	0.77
NL	Netherlands	2015	209.2	110.1	96.5	0.8764759	13.6	0.1235241	4.93	0.04477747502	0.181755	1.00	0.00	1515	1.12	0.01017257039	85.96789742	0.09	0.78	7.5	7.5	0.06811989101	0.78
NO	Norway	1986	31.2	97.3	97.27	0.9996917	0.03	0.0003083	0.03	0.0003083247688	0.000587	0.00	0.00	#N/A	0	0	13.01359223	0.00	0.13	0	0	0	0.13
NO	Norway	1987	30.4	104.3	104.28	0.9998082	0.02	0.0001918	0.02	0.0001917545542	0.057205	0.00	0.00	#N/A	0	0	11.94200742	0.00	0.11	0	0	0	0.12
NO	Norway	1988	30	110	109.97	0.9997273	0.03	0.0002727	0.03	0.0002727272727	0.056438	0.00	0.00	#N/A	0	0	12.54286716	0.00	0.11	0	0	0	0.11
NO	Norway	1989	30.4	119.2	119.17	0.9997483	0.03	0.0002517	0.03	0.0002516778523	0.059193	0.00	0.00	#N/A	0	0	13.80596013	0.00	0.12	0	0	0	0.12
NO	Norway	1990	29.3	121.8	121.59	0.9982759	0.21	0.0017241	0.21	0.001724137931	0.058521	0.00	0.00	#N/A	0	0	14.84487273	0.00	0.12	0	0	0	0.12
NO	Norway	1991	27.7	111	110.79	0.9981081	0.21	0.0018919	0.21	0.001891891892	0.060237	0.00	0.00	#N/A	0	0	12.83547807	0.00	0.12	0	0	0	0.12
NO	Norway	1992	29.2	117.5	117.27	0.9980426	0.23	0.0019574	0.23	0.001957446809	0.061237	0.00	0.00	#N/A	0	0	13.44898803	0.00	0.11	0	0	0	0.11
NO	Norway	1993	30.1	120.1	119.86	0.9980017	0.24	0.0019983	0.24	0.001998334721	0.061041	0.00	0.00	#N/A	0	0	13.13794635	0.00	0.11	0	0	0	0.11
NO	Norway	1994	31.8	113.5	113.23	0.9976211	0.27	0.0023789	0.27	0.002378854626	0.060106	0.00	0.00	#N/A	0	0	12.83307171	0.00	0.11	0	0	0	0.11
NO	Norway	1995	31.8	123.2	122.91	0.9976461	0.29	0.0023539	0.29	0.002353896104	0.058324	0.00	0.00	#N/A	0	0	13.60061562	0.00	0.11	0	0	0	0.11
NO	Norway	1996	34.4	104.8	104.5	0.9971374	0.3	0.0028626	0.3	0.00286259542	0.058393	0.00	0.00	5	0	0	11.66367159	0.00	0.11	0	0	0	0.11
NO	Norway	1997	35.7	111.6	111.36	0.9978495	0.24	0.0021505	0.24	0.002150537634	0.064227	0.00	0.00	5	0	0	13.14462467	0.00	0.12	0	0	0	0.12
NO	Norway	1998	36.6	117	116.73	0.9976923	0.27	0.0023077	0.27	0.002307692308	0.052966	0.00	0.00	5	0	0	12.65689231	0.00	0.11	0	0	0	0.11
NO	Norway	1999	36.3	122.7	122.41	0.9976365	0.29	0.0023635	0.27	0.002200488998	0.057445	0.00	0.00	6	0	0	12.50149826	0.00	0.10	0.01	0.01	0.0000814995925	0.10
NO	Norway	2000	34.1	143	142.71	0.9979720	0.29	0.0020280	0.26	0.001818181818	0.054258	0.18	0.00	6	0.01	0.00006993006993	13.19093691	0.00	0.09	0.03	0.03	0.0002097902098	0.09
NO	Norway	2001	35.8	121.9	121.61	0.9976210	0.29	0.0023790	0.26	0.002132895816	0.005746	1.00	0.00	6	0.01	0.00008203445447	11.64972536	0.00	0.10	0.03	0.03	0.0002461033634	0.10
NO	Norway	2002	35.2	130.6	130.31	0.9977795	0.29	0.0022205	0.25	0.00191424196	0.059207	0.17	0.00	6	0.01	0.00007656967841	11.20486525	0.00	0.09	0.04	0.04	0.0003062787136	0.09
NO	Norway	2003	36.6	107.3	106.74	0.9947810	0.56	0.0052190	0.33	0.003075489282	0.059192	0.17	0.00	7	0.01	0.00009319664492	11.4757011	0.02	0.11	0.2	0.2	0.001863932898	0.11
NO	Norway	2004	37.1	110.6	109.98	0.9943942	0.62	0.0056058	0.36	0.003254972875	0.058695	0.17	0.00	7	0.01	0.0000904159132	12.22899856	0.02	0.11	0.3	0.3	0.002712477396	0.11
NO	Norway	2005	36	138.1	137.25	0.9938450	0.85	0.0061550	0.33	0.002389572773	0.057716	0.17	0.00	7	0.01	0.00007241129616	12.73710483	0.04	0.09	0.5	0.5	0.003620564808	0.09
NO	Norway	2006	36.3	121.4	120.37	0.9915157	1.03	0.0084843	0.39	0.003212520593	0.058975	0.17	0.00	8	0.01	0.0000823723229	12.12893402	0.05	0.10	0.6	0.6	0.004942339374	0.10
NO	Norway	2007	36.1	137.2	135.91	0.9905977	1.29	0.0094023	0.39	0.002842565598	0.058173	0.17	0.00	8	0.01	0.00007288629738	12.76787266	0.07	0.09	0.9	0.9	0.006559766764	0.09
NO	Norway	2008	35.5	142.1	140.78	0.9907108	1.32	0.0092892	0.4	0.002814919071	0.000589	1.00	0.00	8	0.01	0.00007037297678	11.86605717	0.08	0.08	0.9	0.9	0.00633356791	0.08
NO	Norway	2009	35.5	131.8	130.59	0.9908194	1.21	0.0091806	0.23	0.001745068285	0.057701	0.17	0.00	9	0.01	0.00007587253414	11.77955593	0.08	0.09	1	1	0.007587253414	0.09
NO	Norway	2010	36.5	123.6	122.37	0.9900485	1.23	0.0099515	0.34	0.002750809061	0.061911	0.16	0.00	9	0.01	0.00008090614887	10.59814985	0.08	0.09	0.9	0.9	0.007281553398	0.09
NO	Norway	2011	36.7	127.6	125.97	0.9872257	1.63	0.0127743	0.34	0.002664576803	0.057027	0.18	0.00	10	0.01	0.00007836990596	12.77028241	0.10	0.10	1.3	1.3	0.01018808777	0.10
NO	Norway	2012	36.5	147.7	145.82	0.9872715	1.88	0.0127285	0.33	0.002234258632	0.055182	0.18	0.00	10	0.01	0.00006770480704	12.09895423	0.12	0.08	1.5	1.5	0.01015572106	0.08
NO	Norway	2013	36.5	134	131.71	0.9829104	2.29	0.0170896	0.4	0.002985074627	0.057912	0.17	0.00	11	0.01	0.00007462686567	11.40542538	0.17	0.09	1.9	1.9	0.01417910448	0.09
NO	Norway	2014	35.8	142	139.51	0.9824648	2.49	0.0175352	0.26	0.001830985915	0.058613	0.17	0.00	13	0.01	0.00007042253521	11.82517475	0.19	0.08	2.2	2.2	0.01549295775	0.08
NO	Norway	2015	35.8	144.5	141.72	0.9807612	2.78	0.0192388	0.26	0.001799307958	0.058944	0.17	0.00	15	0.01	0.00006920415225	13.59962555	0.18	0.09	2.5	2.5	0.01730103806	0.09
PL	Poland	1986	469.6	140.3	139.93	0.9973628	0.37	0.0026372	0.37	0.002637205987	1.516178	0.00	0.01	#N/A	0	0	151.5970535	0.00	1.00	0	0	0	1.00
PL	Poland	1987	486	145.8	145.61	0.9986968	0.19	0.0013032	0.19	0.001303155007	1.380767	0.00	0.01	#N/A	0	0	149.0393876	0.00	1.00	0	0	0	1.00
PL	Poland	1988	475.2	144.3	144.21	0.9993763	0.09	0.0006237	0.09	0.0006237006237	1.443012	0.00	0.01	#N/A	0	0	154.9030873	0.00	1.00	0	0	0	1.00
PL	Poland	1989	457	145.5	145.4	0.9993127	0.1	0.0006873	0.1	0.0006872852234	1.474007	0.00	0.01	#N/A	0	0	147.2717491	0.00	1.00	0	0	0	1.00
PL	Poland	1990	374	136.3	136.24	0.9995598	0.06	0.0004402	0.06	0.0004402054292	1.462994	0.00	0.01	#N/A	0	0	158.2598107	0.00	1.00	0	0	0	1.00
PL	Poland	1991	368.8	134.7	134.62	0.9994061	0.08	0.0005939	0.08	0.0005939123979	1.458492	0.00	0.01	#N/A	0	0	141.0056224	0.00	1.00	0	0	0	1.00
PL	Poland	1992	353.4	132.8	132.69	0.9991717	0.11	0.0008283	0.11	0.000828313253	1.515669	0.00	0.01	#N/A	0	0	151.8087103	0.00	1.00	0	0	0	1.00
PL	Poland	1993	352.2	133.9	133.84	0.9995519	0.06	0.0004481	0.06	0.0004480955937	1.383531	0.00	0.01	#N/A	0	0	154.7678789	0.00	1.00	0	0	0	1.00
PL	Poland	1994	334.3	135.3	135.25	0.9996305	0.05	0.0003695	0.05	0.00036954915	1.454041	0.00	0.01	#N/A	0	0	151.5032898	0.00	1.00	0	0	0	1.00
PL	Poland	1995	340.8	139	138.93	0.9994964	0.07	0.0005036	0.07	0.0005035971223	1.422772	0.00	0.01	#N/A	0	0	147.4928772	0.00	1.00	0	0	0	1.00
PL	Poland	1996	354.3	143.2	143.07	0.9990922	0.13	0.0009078	0.13	0.0009078212291	1.377354	0.00	0.01	#N/A	0	0	125.6145005	0.00	0.88	0	0	0	0.89
PL	Poland	1997	349.7	142.8	142.63	0.9988095	0.17	0.0011905	0.17	0.00119047619	1.439479	0.00	0.01	#N/A	0	0	138.4103367	0.00	0.97	0	0	0	0.98
PL	Poland	1998	330.1	142.8	142.58	0.9984594	0.22	0.0015406	0.22	0.001540616246	0.136604	0.00	0.00	#N/A	0	0	161.0052014	0.00	1.00	0	0	0	1.00
PL	Poland	1999	323.3	142.1	141.9	0.9985925	0.2	0.0014075	0.19	0.001337086559	1.474138	0.00	0.01	#N/A	0	0	144.0151809	0.00	1.00	0	0	0	1.00
PL	Poland	2000	299.4	145.2	144.97	0.9984160	0.23	0.0015840	0.22	0.001515151515	1.486774	0.00	0.01	#N/A	0	0	140.8912678	0.00	0.97	0.01	0.01	0.00006887052342	0.98
PL	Poland	2001	297.7	145.6	145.14	0.9968407	0.46	0.0031593	0.44	0.003021978022	1.353347	0.00	0.01	#N/A	0	0	133.4422504	0.00	0.92	0.01	0.01	0.00006868131868	0.93
PL	Poland	2002	294.2	144.1	143.61	0.9965996	0.49	0.0034004	0.43	0.002984038862	1.472992	0.00	0.01	#N/A	0	0	146.4448941	0.00	1.00	0.1	0.1	0.000693962526	1.00
PL	Poland	2003	303.4	151.6	151.02	0.9961741	0.58	0.0038259	0.46	0.003034300792	1.529597	0.00	0.01	#N/A	0	0	134.1261158	0.00	0.88	0.1	0.1	0.0006596306069	0.89
PL	Poland	2004	301.7	154.2	153.21	0.9935798	0.99	0.0064202	0.85	0.00551232166	1.432508	0.00	0.01	#N/A	0	0	143.8477164	0.00	0.93	0.1	0.1	0.0006485084306	0.94
PL	Poland	2005	307	156.9	155.25	0.9894837	1.65	0.0105163	1.51	0.009623964308	0.150052	0.00	0.00	#N/A	0	0	130.9664662	0.00	0.83	0.1	0.1	0.0006373486297	0.84
PL	Poland	2006	320.2	161.7	159.45	0.9860853	2.25	0.0139147	1.99	0.01230674088	1.481343	0.00	0.01	#N/A	0	0	125.010182	0.00	0.77	0.3	0.3	0.00185528757	0.78
PL	Poland	2007	317	159.3	156.22	0.9806654	3.08	0.0193346	2.56	0.0160703076	1.430406	0.00	0.01	#N/A	0	0	152.9579821	0.00	0.96	0.5	0.5	0.003138731952	0.97
PL	Poland	2008	319.2	155.3	150.85	0.9713458	4.45	0.0286542	3.62	0.02330972312	1.373782	0.00	0.01	#N/A	0	0	147.2283482	0.01	0.95	0.8	0.8	0.005151320026	0.96
PL	Poland	2009	305	151.7	145.4	0.9584707	6.3	0.0415293	5.23	0.03447593935	1.437934	0.00	0.01	#N/A	0	0	127.6396743	0.01	0.84	1.1	1.1	0.007251153593	0.85
PL	Poland	2010	322.8	157.7	149.73	0.9494610	7.97	0.0505390	6.3	0.03994927077	1.421717	0.00	0.01	#N/A	0	0	131.329292	0.01	0.83	1.7	1.7	0.01077996195	0.84
PL	Poland	2011	322.6	163.5	152.69	0.9338838	10.81	0.0661162	7.6	0.04648318043	1.553681	0.00	0.01	#N/A	0	0	138.468303	0.02	0.85	3.2	3.2	0.01957186544	0.86
PL	Poland	2012	307.2	162.1	147.26	0.9084516	14.84	0.0915484	10.09	0.06224552745	1.461204	0.00	0.01	#N/A	0	0	135.9499058	0.03	0.84	4.7	4.7	0.02899444787	0.85
PL	Poland	2013	309.8	164.6	149.97	0.9111179	14.63	0.0888821	8.62	0.05236938032	1.288493	0.00	0.01	#N/A	0	0	127.9045966	0.05	0.78	6	6	0.03645200486	0.78
PL	Poland	2014	292.9	159.1	141.44	0.8890006	17.66	0.1109994	9.98	0.06272784412	1.478438	0.01	0.01	#N/A	0.01	0.00006285355123	127.2496254	0.06	0.80	7.7	7.7	0.04839723444	0.81
PL	Poland	2015	292.9	164.9	144.05	0.8735597	20.85	0.1264403	9.94	0.06027895694	1.530573	0.04	0.01	#N/A	0.06	0.000363856883	144.5893537	0.08	0.88	10.9	10.9	0.06610066707	0.89
PT	Portugal	1986	31.3	20.4	19.79	0.9700980	0.61	0.0299020	0.61	0.02990196078	3.462893	0.00	0.17	#N/A	0	0	106.4609065	0.00	1.00	0	0	0	1.00
PT	Portugal	1987	31.9	20.1	19.49	0.9696517	0.61	0.0303483	0.61	0.03034825871	3.272626	0.00	0.16	#N/A	0	0	107.3062091	0.00	1.00	0	0	0	1.00
PT	Portugal	1988	32.8	22.5	21.85	0.9711111	0.65	0.0288889	0.65	0.02888888889	3.349631	0.00	0.15	#N/A	0	0	111.8471323	0.00	1.00	0	0	0	1.00
PT	Portugal	1989	41.8	25.8	25.14	0.9744186	0.66	0.0255814	0.66	0.02558139535	3.355423	0.00	0.13	#N/A	0	0	108.6287251	0.00	1.00	0	0	0	1.00
PT	Portugal	1990	39.9	28.5	27.81	0.9757895	0.69	0.0242105	0.69	0.02421052632	0.344035	0.00	0.01	#N/A	0	0	106.0459003	0.00	1.00	0	0	0	1.00
PT	Portugal	1991	43.2	29.9	29.09	0.9729097	0.81	0.0270903	0.81	0.027090301	3.524395	0.00	0.12	#N/A	0	0	107.5211076	0.00	1.00	0	0	0	1.00
PT	Portugal	1992	47	30.1	29.21	0.9704319	0.89	0.0295681	0.89	0.02956810631	3.637509	0.00	0.12	#N/A	0	0	113.2761629	0.00	1.00	0	0	0	1.00
PT	Portugal	1993	45.8	31.2	30.28	0.9705128	0.92	0.0294872	0.91	0.02916666667	3.380268	0.00	0.11	#N/A	0	0	108.5966489	0.00	1.00	0.01	0.01	0.0003205128205	1.00
PT	Portugal	1994	46	31.4	30.42	0.9687898	0.98	0.0312102	0.97	0.03089171975	3.459964	0.00	0.11	#N/A	0	0	111.7741663	0.00	1.00	0.02	0.02	0.0006369426752	1.00
PT	Portugal	1995	53.5	33.3	32.25	0.9684685	1.05	0.0315315	1.03	0.03093093093	3.455225	0.00	0.10	#N/A	0	0	112.6534739	0.00	1.00	0.02	0.02	0.0006006006006	1.00
PT	Portugal	1996	50.9	34.5	33.47	0.9701449	1.03	0.0298551	1.01	0.02927536232	3.387979	0.00	0.10	0	0	0	115.5442001	0.00	1.00	0.02	0.02	0.0005797101449	1.00
PT	Portugal	1997	51.5	34.2	33.07	0.9669591	1.13	0.0330409	1.09	0.03187134503	3.361082	0.00	0.10	1	0	0	102.8577464	0.00	1.00	0.04	0.04	0.001169590643	1.00
PT	Portugal	1998	57.4	39	37.83	0.9700000	1.17	0.0300000	1.08	0.02769230769	3.566005	0.00	0.09	1	0	0	111.4330332	0.00	1.00	0.1	0.1	0.002564102564	1.00
PT	Portugal	1999	63	43.3	41.94	0.9685912	1.36	0.0314088	1.24	0.02863741339	3.534813	0.00	0.08	1	0	0	110.4656363	0.00	1.00	0.1	0.1	0.002309468822	1.00
PT	Portugal	2000	62	43.8	42.25	0.9646119	1.55	0.0353881	1.38	0.03150684932	3.435437	0.00	0.08	1	0	0	109.9735566	0.00	1.00	0.2	0.2	0.004566210046	1.00
PT	Portugal	2001	61	46.5	44.79	0.9632258	1.71	0.0367742	1.45	0.0311827957	3.390438	0.00	0.07	1	0	0	111.4519716	0.00	1.00	0.3	0.3	0.006451612903	1.00
PT	Portugal	2002	64.3	46.1	44.17	0.9581345	1.93	0.0418655	1.57	0.03405639913	3.336216	0.00	0.07	1	0	0	111.2884447	0.00	1.00	0.4	0.4	0.008676789588	1.00
PT	Portugal	2003	60.6	46.9	44.92	0.9577825	1.98	0.0422175	1.48	0.0315565032	3.373364	0.00	0.07	2	0	0	109.3233123	0.00	1.00	0.5	0.5	0.01066098081	1.00
PT	Portugal	2004	62.3	45.1	42.65	0.9456763	2.45	0.0543237	1.63	0.03614190687	3.585825	0.00	0.08	2	0	0	104.3399817	0.01	1.00	0.8	0.8	0.0177383592	1.00
PT	Portugal	2005	65.1	46.6	43.1	0.9248927	3.5	0.0751073	1.72	0.03690987124	3.679268	0.00	0.08	2	0	0	104.0569206	0.02	1.00	1.8	1.8	0.03862660944	1.00
PT	Portugal	2006	60.3	49	44.28	0.9036735	4.72	0.0963265	1.79	0.03653061224	3.433889	0.00	0.07	3	0.01	0.0002040816327	101.5067493	0.03	1.00	2.9	2.9	0.05918367347	1.00
PT	Portugal	2007	58.7	47.3	41.16	0.8701903	6.14	0.1298097	2.08	0.04397463002	3.647358	0.01	0.08	24	0.02	0.000422832981	102.2591759	0.04	1.00	4	4	0.08456659619	1.00
PT	Portugal	2008	57.7	46	38.16	0.8295652	7.84	0.1704348	2.04	0.04434782609	3.453315	0.01	0.08	59	0.04	0.0008695652174	109.8071925	0.05	1.00	5.8	5.8	0.1260869565	1.00
PT	Portugal	2009	56.9	50.2	40.19	0.8005976	10.01	0.1994024	2.27	0.04521912351	3.494355	0.05	0.07	115	0.16	0.003187250996	105.6532191	0.07	1.00	7.6	7.6	0.1513944223	1.00
PT	Portugal	2010	51.5	54.1	41.89	0.7743068	12.21	0.2256932	2.81	0.05194085028	3.364417	0.07	0.06	134	0.22	0.004066543438	106.0860201	0.09	1.00	9.2	9.2	0.1700554529	1.00
PT	Portugal	2011	51.4	52.5	39.92	0.7603810	12.58	0.2396190	3.13	0.05961904762	3.561128	0.08	0.07	172	0.28	0.005333333333	100.0916105	0.09	1.00	9.2	9.2	0.1752380952	1.00
PT	Portugal	2012	50.7	46.6	32.85	0.7049356	13.75	0.2950644	3.1	0.06652360515	3.583539	0.11	0.08	238	0.39	0.008369098712	99.61605312	0.10	1.00	10.3	10.3	0.2210300429	1.00
PT	Portugal	2013	49.3	51.7	35.96	0.6955513	15.74	0.3044487	3.25	0.06286266925	3.412183	0.14	0.07	296	0.48	0.009284332689	109.4418402	0.11	1.00	12	12	0.2321083172	1.00
PT	Portugal	2014	49.3	52.8	36.81	0.6971591	15.99	0.3028409	3.25	0.0615530303	3.300616	0.19	0.06	415	0.63	0.01193181818	105.1589544	0.12	1.00	12.1	12.1	0.2291666667	1.00
PT	Portugal	2015	53.7	52.4	36.69	0.7001908	15.71	0.2998092	3.31	0.06316793893	3.539915	0.23	0.07	447	0.8	0.01526717557	102.8003068	0.11	1.00	11.6	11.6	0.2213740458	1.00
RO	Romania	1986	178	75.5	75.5	1.0000000	0	0.0000000	0	0	1.276386	0.00	0.02	#N/A	0	0	41.59367521	0.00	0.55	0	0	0	0.57
RO	Romania	1987	186.2	74.1	74.1	1.0000000	0	0.0000000	0	0	0.119868	0.00	0.00	#N/A	0	0	43.00678812	0.00	0.58	0	0	0	0.58
RO	Romania	1988	188.1	75.3	75.3	1.0000000	0	0.0000000	0	0	1.226508	0.00	0.02	#N/A	0	0	44.20227049	0.00	0.59	0	0	0	0.60
RO	Romania	1989	189.4	75.9	75.9	1.0000000	0	0.0000000	0	0	1.261478	0.00	0.02	#N/A	0	0	42.79967971	0.00	0.56	0	0	0	0.58
RO	Romania	1990	178.2	64.3	64.3	1.0000000	0	0.0000000	0	0	0.130772	0.00	0.00	#N/A	0	0	39.38637872	0.00	0.61	0	0	0	0.61
RO	Romania	1991	143.3	56.8	56.8	1.0000000	0	0.0000000	0	0	0.119382	0.00	0.00	#N/A	0	0	39.56571492	0.00	0.70	0	0	0	0.70
RO	Romania	1992	124.9	54.2	54.2	1.0000000	0	0.0000000	0	0	1.310675	0.00	0.02	#N/A	0	0	45.62995624	0.00	0.84	0	0	0	0.87
RO	Romania	1993	122.3	55.5	55.5	1.0000000	0	0.0000000	0	0	1.246545	0.00	0.02	#N/A	0	0	47.81625145	0.00	0.86	0	0	0	0.88
RO	Romania	1994	117.9	55.1	55.1	1.0000000	0	0.0000000	0	0	1.273595	0.00	0.02	#N/A	0	0	42.81576403	0.00	0.78	0	0	0	0.80
RO	Romania	1995	127.7	59.3	59.3	1.0000000	0	0.0000000	0	0	1.204508	0.00	0.02	#N/A	0	0	42.74975449	0.00	0.72	0	0	0	0.74
RO	Romania	1996	126.2	61.4	61.4	1.0000000	0	0.0000000	0	0	1.147475	0.00	0.02	0	0	0	41.92051829	0.00	0.68	0	0	0	0.70
RO	Romania	1997	115	57.1	57.09	0.9998249	0.01	0.0001751	0.01	0.0001751313485	0.122671	0.00	0.00	0	0	0	44.4053647	0.00	0.78	0	0	0	0.78
RO	Romania	1998	101.5	53.5	53.49	0.9998131	0.01	0.0001869	0.01	0.0001869158879	1.213523	0.00	0.02	0	0	0	46.87804954	0.00	0.88	0	0	0	0.90
RO	Romania	1999	86	50.7	50.7	1.0000000	0	0.0000000	0	0	1.235184	0.00	0.02	0	0	0	42.67198433	0.00	0.84	0	0	0	0.87
RO	Romania	2000	88.5	51.9	51.9	1.0000000	0	0.0000000	0	0	1.345982	0.00	0.03	0	0	0	43.82259303	0.00	0.84	0	0	0	0.87
RO	Romania	2001	90.8	53.9	53.9	1.0000000	0	0.0000000	0	0	1.240464	0.00	0.02	0	0	0	45.61661245	0.00	0.85	0	0	0	0.87
RO	Romania	2002	93.9	54.7	54.7	1.0000000	0	0.0000000	0	0	1.227298	0.00	0.02	0	0	0	46.12205943	0.00	0.84	0	0	0	0.87
RO	Romania	2003	98	55.1	55.1	1.0000000	0	0.0000000	0	0	1.263047	0.00	0.02	0	0	0	40.46339678	0.00	0.73	0	0	0	0.76
RO	Romania	2004	98.9	56.5	56.5	1.0000000	0	0.0000000	0	0	1.243303	0.00	0.02	0	0	0	43.00336656	0.00	0.76	0	0	0	0.78
RO	Romania	2005	94.2	59.4	59.39	0.9998316	0.01	0.0001684	0.01	0.0001683501684	1.200734	0.00	0.02	0	0	0	40.80440309	0.00	0.69	0	0	0	0.71
RO	Romania	2006	99.2	62.7	62.69	0.9998405	0.01	0.0001595	0	0	0.122041	0.00	0.00	0	0	0	38.65623451	0.00	0.62	0	0	0	0.62
RO	Romania	2007	95.3	61.7	61.66	0.9993517	0.04	0.0006483	0.04	0.0006482982172	1.300212	0.00	0.02	0	0	0	43.95518527	0.00	0.71	0	0	0	0.73
RO	Romania	2008	93.3	65	64.97	0.9995385	0.03	0.0004615	0.02	0.0003076923077	1.255502	0.00	0.02	0	0	0	42.56541143	0.00	0.65	0.01	0.01	0.0001538461538	0.67
RO	Romania	2009	79.7	58	57.98	0.9996552	0.02	0.0003448	0.01	0.0001724137931	1.255833	0.00	0.02	0	0	0	38.12506695	0.00	0.66	0.01	0.01	0.0001724137931	0.68
RO	Romania	2010	77.5	61	60.58	0.9931148	0.42	0.0068852	0.11	0.001803278689	0.117822	0.00	0.00	0	0	0	42.18322132	0.01	0.69	0.3	0.3	0.004918032787	0.69
RO	Romania	2011	83.3	62.2	60.61	0.9744373	1.59	0.0255627	0.2	0.003215434084	1.320776	0.00	0.02	1	0	0	37.01450148	0.04	0.60	1.4	1.4	0.02250803859	0.62
RO	Romania	2012	80.1	59	56.14	0.9515254	2.86	0.0484746	0.21	0.003559322034	1.320705	0.01	0.02	41	0.01	0.0001694915254	42.22977813	0.06	0.72	2.6	2.6	0.04406779661	0.74
RO	Romania	2013	69.2	58.9	53.71	0.9118846	5.19	0.0881154	0.25	0.004244482173	1.210181	0.35	0.02	761	0.42	0.007130730051	41.11962876	0.11	0.70	4.5	4.5	0.07640067912	0.72
RO	Romania	2014	69.7	63.3	56.78	0.8969984	6.52	0.1030016	0.51	0.008056872038	1.188162	1.00	0.02	1293	1.3	0.0205371248	41.11281154	0.11	0.65	4.7	4.7	0.07424960506	0.67
RO	Romania	2015	70.6	66.3	56.73	0.8556561	9.57	0.1443439	0.52	0.007843137255	1.275274	1.00	0.02	1326	1.98	0.02986425339	39.91177198	0.18	0.60	7.1	7.1	0.1070889894	0.62
ES	Spain	1986	196.6	128.5	127.96	0.9957977	0.54	0.0042023	0.54	0.00420233463	1.681526	0.00	0.01	#N/A	0	0	11.17466402	0.00	0.09	0	0	0	0.10
ES	Spain	1987	203.8	132.7	132.14	0.9957800	0.56	0.0042200	0.56	0.004220045215	1.637228	0.00	0.01	#N/A	0	0	11.40450028	0.00	0.09	0	0	0	0.10
ES	Spain	1988	196.4	138.8	138.13	0.9951729	0.67	0.0048271	0.67	0.004827089337	1.641594	0.00	0.01	#N/A	0	0	11.65944865	0.00	0.08	0	0	0	0.10
ES	Spain	1989	218.7	147.1	146.5	0.9959211	0.6	0.0040789	0.58	0.003942895989	0.168041	0.06	0.00	#N/A	0.01	0.00006798096533	10.98081401	0.00	0.07	0.01	0.01	0.00006798096533	0.08
ES	Spain	1990	216.2	151.9	151.34	0.9963134	0.56	0.0036866	0.54	0.003554970375	1.695662	0.01	0.01	#N/A	0.01	0.00006583278473	11.08708272	0.00	0.07	0.01	0.01	0.00006583278473	0.08
ES	Spain	1991	223	155.8	155.24	0.9964056	0.56	0.0035944	0.54	0.003465982028	0.168295	0.06	0.00	#N/A	0.01	0.00006418485237	11.24447679	0.00	0.07	0.02	0.02	0.0001283697047	0.07
ES	Spain	1992	243.3	158.7	158.01	0.9956522	0.69	0.0043478	0.58	0.003654694392	1.699952	0.01	0.01	#N/A	0.01	0.00006301197227	11.49653849	0.01	0.07	0.1	0.1	0.0006301197227	0.08
ES	Spain	1993	228.7	156.8	156.1	0.9955357	0.7	0.0044643	0.58	0.003698979592	1.676165	0.01	0.01	#N/A	0.01	0.0000637755102	11.50838574	0.01	0.07	0.1	0.1	0.000637755102	0.08
ES	Spain	1994	239.5	161.8	160.98	0.9949320	0.82	0.0050680	0.64	0.003955500618	1.700192	0.01	0.01	#N/A	0.01	0.00006180469716	11.93998231	0.02	0.07	0.2	0.2	0.001236093943	0.08
ES	Spain	1995	248.3	167.1	165.8	0.9922202	1.3	0.0077798	1.01	0.006044284859	1.733268	0.01	0.01	#N/A	0.02	0.0001196888091	12.48370809	0.02	0.07	0.3	0.3	0.001795332136	0.09
ES	Spain	1996	244.6	174.5	173.04	0.9916332	1.46	0.0083668	1.08	0.006189111748	1.650488	0.01	0.01	1	0.01	0.00005730659026	12.66660316	0.03	0.07	0.4	0.4	0.00229226361	0.08
ES	Spain	1997	263.7	190.4	188.18	0.9883403	2.22	0.0116597	1.46	0.007668067227	1.691592	0.01	0.01	1	0.01	0.0000525210084	11.23717231	0.06	0.06	0.7	0.7	0.003676470588	0.07
ES	Spain	1998	274.4	195.2	192.3	0.9851434	2.9	0.0148566	1.53	0.007838114754	1.727809	0.01	0.01	1	0.02	0.0001024590164	11.8122872	0.12	0.06	1.4	1.4	0.007172131148	0.07
ES	Spain	1999	298.6	208.5	204.01	0.9784652	4.49	0.0215348	1.72	0.00824940048	1.700832	0.01	0.01	2	0.02	0.00009592326139	12.50223167	0.22	0.06	2.7	2.7	0.01294964029	0.07
ES	Spain	2000	309.6	224.5	218.26	0.9722049	6.24	0.0277951	1.49	0.006636971047	0.172639	0.12	0.00	10	0.02	0.00008908685969	12.37211383	0.38	0.06	4.7	4.7	0.02093541203	0.06
ES	Spain	2001	313.6	236	227.59	0.9643644	8.41	0.0356356	1.63	0.006906779661	1.707114	0.01	0.01	13	0.02	0.00008474576271	12.41494689	0.55	0.05	6.8	6.8	0.02881355932	0.06
ES	Spain	2002	332.2	245	233.04	0.9511837	11.96	0.0488163	2.59	0.01057142857	1.647391	0.02	0.01	17	0.03	0.0001224489796	12.2294191	0.76	0.05	9.3	9.3	0.03795918367	0.06
ES	Spain	2003	338.4	260.7	245.4	0.9413119	15.3	0.0586881	3.18	0.01219792865	1.649996	0.02	0.01	22	0.04	0.0001534330648	11.86601967	1.00	0.05	12.1	12.1	0.04641350211	0.05
ES	Spain	2004	359.5	280	260.91	0.9318214	19.09	0.0681786	3.33	0.01189285714	1.693771	0.04	0.01	33	0.06	0.0002142857143	11.39295652	1.00	0.04	15.7	15.7	0.05607142857	0.05
ES	Spain	2005	373	294.1	270.23	0.9188371	23.87	0.0811629	2.65	0.009010540632	1.757578	0.02	0.01	52	0.04	0.0001360081605	11.01696574	1.00	0.04	21.2	21.2	0.07208432506	0.04
ES	Spain	2006	366.9	299.5	273.31	0.9125543	26.19	0.0874457	2.77	0.009248747913	1.675019	0.07	0.01	141	0.12	0.0004006677796	10.76130406	1.00	0.04	23.3	23.3	0.07779632721	0.04
ES	Spain	2007	378.7	305.1	274.13	0.8984923	30.97	0.1015077	2.9	0.009505080302	1.713602	0.30	0.01	505	0.51	0.001671583088	11.25963183	1.00	0.04	27.6	27.6	0.09046214356	0.04
ES	Spain	2008	352.3	313.8	275.02	0.8764181	38.78	0.1235819	3.26	0.01038878266	0.164689	1.00	0.00	3445	2.58	0.008221797323	11.29739282	1.00	0.04	32.9	32.9	0.1048438496	0.04
ES	Spain	2009	314.4	296.3	248.94	0.8401620	47.36	0.1598380	3.41	0.01150860614	1.723152	1.00	0.01	3705	6.07	0.02048599393	11.51625759	1.00	0.04	37.9	37.9	0.1279109011	0.04
ES	Spain	2010	298.7	300.4	245.84	0.8183755	54.56	0.1816245	3.82	0.01271637816	1.651124	1.00	0.01	4605	7.06	0.02350199734	12.01957895	1.00	0.04	43.7	43.7	0.1454727031	0.05
ES	Spain	2011	308.8	291.8	236.17	0.8093557	55.63	0.1906443	4.52	0.01549006169	1.740431	1.00	0.01	5432	8.68	0.02974640164	10.21051042	1.00	0.03	42.4	42.4	0.1453050034	0.04
ES	Spain	2012	307.2	297.6	231.19	0.7768481	66.41	0.2231519	4.98	0.01673387097	1.760893	1.00	0.01	6569	11.97	0.04022177419	11.25894824	1.00	0.04	49.5	49.5	0.1663306452	0.04
ES	Spain	2013	275.9	285.3	211.13	0.7400280	74.17	0.2599720	5.29	0.01854188573	1.640752	1.00	0.01	6994	13.11	0.04595162986	12.97267299	1.00	0.05	55.8	55.8	0.1955835962	0.05
ES	Spain	2014	273.6	278.8	207.7	0.7449785	71.1	0.2550215	5.41	0.0194045911	1.683661	1.00	0.01	7001	13.67	0.04903156385	11.80836744	1.00	0.04	52	52	0.1865136298	0.05
ES	Spain	2015	289.2	281	212.05	0.7546263	68.95	0.2453737	5.76	0.02049822064	1.726988	1.00	0.01	7008	13.86	0.04932384342	10.74548498	1.00	0.04	49.3	49.3	0.1754448399	0.04
SE	Sweden	1986	85.1	138.7	136.71	0.9856525	1.99	0.0143475	1.98	0.01427541456	0.676771	0.00	0.00	#N/A	0	0	80.03539387	0.00	0.58	0.01	0.01	0.00007209805335	0.58
SE	Sweden	1987	74.3	146.6	144.63	0.9865621	1.97	0.0134379	1.96	0.01336971351	0.646145	0.00	0.00	#N/A	0	0	70.30335437	0.00	0.48	0.01	0.01	0.00006821282401	0.48
SE	Sweden	1988	69.9	146.2	144.15	0.9859781	2.05	0.0140219	2.04	0.01395348837	0.655252	0.00	0.00	#N/A	0	0	75.44241623	0.00	0.52	0.01	0.01	0.0000683994528	0.52
SE	Sweden	1989	67.4	143.1	140.91	0.9846960	2.19	0.0153040	2.19	0.01530398323	0.675918	0.00	0.00	#N/A	0	0	79.54340519	0.00	0.56	0.01	0.01	0.00006988120196	0.56
SE	Sweden	1990	67.6	146.5	144.55	0.9866894	1.95	0.0133106	1.94	0.01324232082	0.661266	0.00	0.00	#N/A	0	0	84.14729635	0.00	0.57	0.01	0.01	0.00006825938567	0.58
SE	Sweden	1991	60	147.4	145.53	0.9873134	1.87	0.0126866	1.86	0.01261872456	0.653625	0.00	0.00	#N/A	0	0	74.93453329	0.00	0.51	0.01	0.01	0.00006784260516	0.51
SE	Sweden	1992	61.8	146.4	144.36	0.9860656	2.04	0.0139344	2.01	0.0137295082	0.697046	0.00	0.00	#N/A	0	0	80.52197314	0.00	0.55	0.03	0.03	0.0002049180328	0.55
SE	Sweden	1993	61.3	145.8	143.58	0.9847737	2.22	0.0152263	2.17	0.01488340192	0.665024	0.00	0.00	#N/A	0	0	83.96956595	0.00	0.58	0.1	0.1	0.0006858710562	0.58
SE	Sweden	1994	64.6	143	140.69	0.9838462	2.31	0.0161538	2.23	0.01559440559	0.709667	0.00	0.00	#N/A	0	0	79.26894076	0.00	0.55	0.1	0.1	0.0006993006993	0.56
SE	Sweden	1995	61.9	148.4	145.94	0.9834232	2.46	0.0165768	2.35	0.01583557951	0.663391	0.00	0.00	#N/A	0	0	83.83723695	0.00	0.56	0.1	0.1	0.0006738544474	0.57
SE	Sweden	1996	67.1	140.6	138.34	0.9839260	2.26	0.0160740	2.12	0.01507823613	0.669428	0.00	0.00	2	0	0	68.67034735	0.00	0.49	0.1	0.1	0.0007112375533	0.49
SE	Sweden	1997	61.5	149.4	146.42	0.9800535	2.98	0.0199465	2.77	0.01854082999	0.727127	0.00	0.00	2	0	0	73.93105223	0.00	0.49	0.2	0.2	0.001338688086	0.50
SE	Sweden	1998	68.7	159	155.91	0.9805660	3.09	0.0194340	2.78	0.01748427673	0.591456	0.00	0.00	2	0	0	79.20191161	0.00	0.50	0.3	0.3	0.001886792453	0.50
SE	Sweden	1999	65.5	155.2	152.14	0.9802835	3.06	0.0197165	2.7	0.01739690722	0.660814	0.00	0.00	3	0	0	74.73386474	0.01	0.48	0.4	0.4	0.002577319588	0.49
SE	Sweden	2000	57.9	145.6	141.04	0.9686813	4.56	0.0313187	4.1	0.02815934066	0.653716	0.00	0.00	3	0	0	76.18828527	0.01	0.52	0.5	0.5	0.003434065934	0.53
SE	Sweden	2001	59.4	161.6	157.34	0.9736386	4.26	0.0263614	3.78	0.02339108911	0.661618	0.00	0.00	3	0	0	70.73440099	0.01	0.44	0.5	0.5	0.003094059406	0.44
SE	Sweden	2002	60.1	146.7	141.91	0.9673483	4.79	0.0326517	4.18	0.0284935242	0.707713	0.00	0.00	3	0	0	73.5329083	0.01	0.50	0.6	0.6	0.00408997955	0.51
SE	Sweden	2003	64.6	135.4	130.21	0.9616691	5.19	0.0383309	4.51	0.03330871492	0.700056	0.00	0.01	4	0	0	70.29601949	0.01	0.52	0.7	0.7	0.005169867061	0.52
SE	Sweden	2004	62.2	152.5	144.45	0.9472131	8.05	0.0527869	7.2	0.04721311475	0.680563	0.00	0.00	4	0	0	74.80274941	0.01	0.49	0.9	0.9	0.005901639344	0.49
SE	Sweden	2005	60.7	159.1	150.66	0.9469516	8.44	0.0530484	7.49	0.04707730987	0.681501	0.00	0.00	4	0	0	72.70955779	0.01	0.46	0.9	0.9	0.00565681961	0.46
SE	Sweden	2006	61.7	143.3	133.95	0.9347523	9.35	0.0652477	8.36	0.05833914864	0.664696	0.00	0.00	5	0	0	68.2681327	0.01	0.48	1	1	0.006978367062	0.48
SE	Sweden	2007	59.2	148.7	137.43	0.9242098	11.27	0.0757902	9.84	0.0661735037	0.065546	0.00	0.00	6	0	0	78.44196604	0.02	0.53	1.4	1.4	0.009414929388	0.53
SE	Sweden	2008	56.1	149.7	137.36	0.9175685	12.34	0.0824315	10.34	0.06907147629	0.660663	0.00	0.00	8	0	0	76.65094173	0.03	0.51	2	2	0.01336005344	0.52
SE	Sweden	2009	53.4	136.7	122.75	0.8979517	13.95	0.1020483	11.46	0.08383321141	0.674631	0.01	0.00	9	0.01	0.00007315288954	67.55877253	0.04	0.49	2.5	2.5	0.01828822238	0.50
SE	Sweden	2010	56.7	148.3	132.6	0.8941335	15.7	0.1058665	12.19	0.0821982468	0.669543	0.01	0.00	11	0.01	0.00006743088334	66.53439901	0.05	0.45	3.5	3.5	0.02360080917	0.45
SE	Sweden	2011	52	151.2	133.57	0.8833995	17.63	0.1166005	11.54	0.07632275132	0.696618	0.01	0.00	12	0.01	0.00006613756614	81.08156389	0.08	0.54	6.1	6.1	0.04034391534	0.54
SE	Sweden	2012	49.2	166.3	146.92	0.8834636	19.38	0.1165364	12.19	0.07330126278	0.637916	0.03	0.00	24	0.02	0.0001202645821	76.39371914	0.09	0.46	7.2	7.2	0.04329524955	0.46
SE	Sweden	2013	48	153.2	131.87	0.8607702	21.33	0.1392298	11.45	0.07473890339	0.696909	0.06	0.00	43	0.04	0.0002610966057	71.53096635	0.14	0.47	9.8	9.8	0.06396866841	0.47
SE	Sweden	2014	46.2	153.7	131.72	0.8569941	21.98	0.1430059	10.7	0.06961613533	0.672396	0.07	0.00	60	0.05	0.0003253090436	73.29356021	0.15	0.48	11.2	11.2	0.07286922576	0.48
SE	Sweden	2015	46.4	162.1	134.97	0.8326342	27.13	0.1673658	10.77	0.06644046885	0.671499	0.15	0.00	104	0.1	0.0006169031462	87.76957207	0.19	0.54	16.3	16.3	0.1005552128	0.55
GB	UK	1986	588.3	301.1	301.1	1.0000000	0	0.0000000	0	0	3.177866	0.00	0.01	#N/A	0	0	1411.439923	0.00	1.00	0	0	0	1.00
GB	UK	1987	591.7	302.1	302.1	1.0000000	0	0.0000000	0	0	0.303802	0.00	0.00	#N/A	0	0	1146.116805	0.00	1.00	0	0	0	1.00
GB	UK	1988	591.3	308.8	308.8	1.0000000	0	0.0000000	0	0	3.132935	0.00	0.01	#N/A	0	0	1296.185247	0.00	1.00	0	0	0	1.00
GB	UK	1989	581.9	314.6	314.59	0.9999682	0.01	0.0000318	0	0	3.331673	0.00	0.01	#N/A	0	0	1228.416956	0.00	1.00	0.01	0.01	0.00003178639542	1.00
GB	UK	1990	593	319.7	319.1	0.9981232	0.6	0.0018768	0.6	0.001876759462	3.302279	0.00	0.01	#N/A	0	0	1384.615486	0.00	1.00	0.01	0.01	0.00003127932437	1.00
GB	UK	1991	602.8	322.9	322.2	0.9978321	0.7	0.0021679	0.69	0.002136884484	0.315189	0.00	0.00	#N/A	0	0	1192.690956	0.00	1.00	0.01	0.01	0.00003096934035	1.00
GB	UK	1992	584.7	321	320.03	0.9969782	0.97	0.0030218	0.93	0.002897196262	3.236162	0.00	0.01	#N/A	0	0	1297.318019	0.00	1.00	0.03	0.03	0.00009345794393	1.00
GB	UK	1993	570.5	323.1	321.68	0.9956051	1.42	0.0043949	1.2	0.003714020427	3.015612	0.00	0.01	#N/A	0	0	1265.37289	0.00	1.00	0.2	0.2	0.0006190034045	1.00
GB	UK	1994	556.4	326.6	324.74	0.9943050	1.86	0.0056950	1.52	0.004654011023	3.121411	0.00	0.01	#N/A	0	0	1368.168681	0.00	1.00	0.3	0.3	0.0009185548071	1.00
GB	UK	1995	553.3	337.4	335.37	0.9939834	2.03	0.0060166	1.64	0.004860699467	3.411157	0.00	0.01	#N/A	0	0	1290.626114	0.00	1.00	0.4	0.4	0.001185536455	1.00
GB	UK	1996	573.4	350.9	348.61	0.9934739	2.29	0.0065261	1.8	0.005129666572	3.097574	0.00	0.01	0	0	0	1239.418204	0.00	1.00	0.5	0.5	0.001424907381	1.00
GB	UK	1997	554.6	350.7	347.92	0.9920730	2.78	0.0079270	2.11	0.006016538352	3.201323	0.00	0.01	0	0	0	1156.149635	0.00	1.00	0.7	0.7	0.001996007984	1.00
GB	UK	1998	556.1	362.7	359.17	0.9902674	3.53	0.0097326	2.65	0.007306313758	0.301548	0.00	0.00	1	0	0	1364.462969	0.00	1.00	0.9	0.9	0.002481389578	1.00
GB	UK	1999	547	368.2	363.92	0.9883759	4.28	0.0116241	3.43	0.009315589354	3.257466	0.00	0.01	1	0	0	1316.676508	0.00	1.00	0.9	0.9	0.002444323737	1.00
GB	UK	2000	563	377.1	372.27	0.9871917	4.83	0.0128083	3.88	0.010289048	0.311193	0.00	0.00	2	0	0	1288.274744	0.00	1.00	0.9	0.9	0.002386634845	1.00
GB	UK	2001	574.3	384.8	379.31	0.9857328	5.49	0.0142672	4.53	0.01177234927	3.225718	0.00	0.01	3	0	0	1191.000299	0.00	1.00	1	1	0.002598752599	1.00
GB	UK	2002	553.9	387.2	380.86	0.9836260	6.34	0.0163740	5.08	0.01311983471	3.136443	0.00	0.01	4	0	0	1226.938392	0.00	1.00	1.3	1.3	0.003357438017	1.00
GB	UK	2003	563.9	398.2	390.74	0.9812657	7.46	0.0187343	6.17	0.01549472627	3.518319	0.00	0.01	6	0	0	1177.465331	0.00	1.00	1.3	1.3	0.00326469111	1.00
GB	UK	2004	569.3	393.9	384.59	0.9763646	9.31	0.0236354	7.36	0.01868494542	3.190569	0.00	0.01	8	0	0	1213.070137	0.00	1.00	1.9	1.9	0.004823559279	1.00
GB	UK	2005	576.3	398.4	386.38	0.9698293	12.02	0.0301707	9.1	0.02284136546	3.138357	0.00	0.01	11	0.01	0.00002510040161	1250.747381	0.00	1.00	2.9	2.9	0.007279116466	1.00
GB	UK	2006	579.9	397.3	383.78	0.9659703	13.52	0.0340297	9.28	0.02335766423	3.160811	0.00	0.01	14	0.01	0.0000251698968	1235.233208	0.00	1.00	4.2	4.2	0.01057135666	1.00
GB	UK	2007	570.2	396.8	382.19	0.9631804	14.61	0.0368196	9.32	0.02348790323	3.262851	0.00	0.01	18	0.01	0.0000252016129	1233.827216	0.00	1.00	5.3	5.3	0.01335685484	1.00
GB	UK	2008	562.8	388.9	372.14	0.9569041	16.76	0.0430959	9.65	0.02481357675	3.077661	0.01	0.01	23	0.02	0.00005142710208	1340.357912	0.01	1.00	7.1	7.1	0.01825662124	1.00
GB	UK	2009	516.1	376.8	356.78	0.9468684	20.02	0.0531316	10.71	0.02842356688	3.236152	0.01	0.01	27	0.02	0.00005307855626	1229.064424	0.01	1.00	9.3	9.3	0.02468152866	1.00
GB	UK	2010	532.6	382.1	359.51	0.9408794	22.59	0.0591206	12.26	0.0320858414	3.286454	0.01	0.01	95	0.04	0.0001046846375	1090.680689	0.01	1.00	10.3	10.3	0.02695629416	1.00
GB	UK	2011	495	368	338.48	0.9197826	29.52	0.0802174	13.31	0.03616847826	3.306667	0.07	0.01	1000	0.24	0.000652173913	1273.979692	0.01	1.00	16	16	0.04347826087	1.00
GB	UK	2012	511.8	363.9	327.96	0.9012366	35.94	0.0987634	14.74	0.04050563342	3.075152	0.44	0.01	1753	1.35	0.003709810387	1205.602632	0.02	1.00	19.8	19.8	0.05441055235	1.00
GB	UK	2013	498.4	358.3	309.79	0.8646107	48.51	0.1353893	18.1	0.0505163271	3.013848	0.67	0.01	2937	2.01	0.00560982417	1254.063187	0.02	1.00	28.4	28.4	0.07926318727	1.00
GB	UK	2014	457.3	338.1	279.47	0.8265898	58.63	0.1734102	22.62	0.06690328305	3.261969	1.00	0.01	5528	4.05	0.01197870453	1208.889304	0.03	1.00	32	32	0.09464655427	1.00
GB	UK	2015	438.4	338.9	261.83	0.7725878	77.07	0.2274122	29.26	0.08633815285	3.261014	1.00	0.01	9601	7.53	0.02221894364	1349.045162	0.03	1.00	40.3	40.3	0.118914134	1.00
EU	Europe	1986	4055.3	2340.9	2328.46	18.87783103	12.44	0.1221689709	12.3	0.1178760936	38.79006	0.00	0.02	#N/A	0	0	5741.651028	0.00	1.00	0.11	0.11	0.0033188513	1.00
EU	Europe	1987	4099.9	2418.8	2406.57	18.88640648	12.23	0.1135935193	12.04	0.1076048659	36.152295	0.00	0.01	#N/A	0	0	5045.424773	0.00	1.00	0.22	0.22	0.007005602548	1.00
EU	Europe	1988	4065.4	2477	2463.84	18.87552753	13.16	0.1244724742	12.83	0.1137689803	42.374997	0.00	0.02	#N/A	0	0	5844.66445	0.00	1.00	0.35	0.35	0.0112028378	1.00
EU	Europe	1989	4091.7	2537.3	2524.12	18.86969643	13.18	0.1303035746	12.67	0.111319888	38.445437	0.00	0.02	#N/A	0.01	0.00006798096533	5074.153291	0.00	1.00	0.49	0.49	0.01811222443	1.00
EU	Europe	1990	4026.9	2550.1	2531.17	18.76821143	18.93	0.2317885657	18.14	0.2069781661	40.314898	0.00	0.02	#N/A	0.01	0.00006583278473	5833.213324	0.00	1.00	0.84	0.84	0.02495601013	1.00
EU	Europe	1991	3986.8	2590.3	2570.6	18.77308351	19.7	0.2269164869	18.71	0.2048347834	37.50196	0.00	0.01	#N/A	0.02	0.0001092298974	5065.674134	0.00	1.00	0.95	0.95	0.02107535754	1.00
EU	Europe	1992	3885.7	2598.3	2576.85	18.74569932	21.45	0.2543006848	19.87	0.2197506771	36.696056	0.00	0.01	#N/A	0.02	0.0001072206372	5576.565463	0.00	1.00	1.49	1.49	0.03312809083	1.00
EU	Europe	1993	3831.2	2610.2	2586.14	18.72243577	24.06	0.2775642271	21.75	0.2390519678	41.585244	0.00	0.02	#N/A	0.02	0.0001086588136	5613.729993	0.00	1.00	2.29	2.29	0.03807345208	1.00
EU	Europe	1994	3786.8	2644.1	2618.35	18.72793874	25.75	0.2720612599	22.77	0.2336973855	35.615661	0.00	0.01	#N/A	0.03	0.0001238668115	5895.584197	0.00	1.00	2.91	2.91	0.03755554819	1.00
EU	Europe	1995	3838.7	2728.7	2699.87	18.69865171	28.83	0.3013482914	24.9	0.2559569681	42.907362	0.00	0.02	#N/A	0.04	0.0001797255887	5709.83294	0.00	1.00	3.9	3.9	0.04562219033	1.00
EU	Europe	1996	3953.5	2798.9	2768.91	18.72376545	29.99	0.2762345536	25.12	0.237180516	30.066213	0.00	0.01	#N/A	0.03	0.0001162993838	4925.612105	0.00	1.00	4.74	4.74	0.03777019712	1.00
EU	Europe	1997	3886.5	2822.3	2785.23	18.64544112	37.07	0.3545588753	29.72	0.2869677746	42.730117	0.00	0.02	#N/A	0.05	0.0001682560747	5069.813772	0.00	1.00	7.34	7.34	0.06937378841	1.00
EU	Europe	1998	3911	2888	2842.96	18.57811577	45.04	0.421884227	33.81	0.3130030997	38.550108	0.00	0.01	#N/A	0.08	0.0002512288194	5996.316482	0.00	1.00	11.2	11.2	0.1105068621	1.00
EU	Europe	1999	3867.3	2926.9	2877.37	18.5556059	49.53	0.4443941005	35.25	0.3130015313	39.786022	0.00	0.01	#N/A	0.08	0.0003392791135	5690.968208	0.00	1.00	14.21	14.21	0.1314182739	1.00
EU	Europe	2000	3863.3	3020.7	2958.88	18.46871883	61.82	0.5312811689	39.32	0.3336565421	39.699456	0.00	0.01	#N/A	0.13	0.0004647650457	5629.574174	0.00	1.00	22.41	22.41	0.1967761846	1.00
EU	Europe	2001	3927.4	3073	3004.46	18.44986635	68.54	0.5501336548	41.57	0.3327061983	41.296248	0.00	0.01	#N/A	0.16	0.0006598723844	5272.876938	0.01	1.00	26.98	26.98	0.2181676471	1.00
EU	Europe	2002	3910.9	3097.7	3013.86	18.37612719	83.84	0.6238728069	47.27	0.3703190446	34.374433	0.01	0.01	#N/A	0.26	0.000930244754	5472.231331	0.01	1.00	36.54	36.54	0.2560566126	1.00
EU	Europe	2003	4009.1	3159.3	3059.82	18.32872482	99.48	0.6712751776	54.66	0.3874854978	41.579076	0.01	0.01	#N/A	0.44	0.001477364799	4828.866337	0.01	1.00	44.5	44.5	0.2849207834	1.00
EU	Europe	2004	4029.5	3227.2	3102.09	18.14384934	125.11	0.8561506644	65.3	0.4746714025	41.853326	0.02	0.01	#N/A	0.72	0.001929910744	5284.97209	0.01	1.00	59.01	59.01	0.3805315885	1.00
EU	Europe	2005	4023.3	3282.7	3135.54	17.9502534	147.16	1.049746604	74.9	0.5727888998	41.35053	0.03	0.01	#N/A	1.43	0.003003023406	4982.793022	0.01	1.00	70.72	70.72	0.4731482712	1.00
EU	Europe	2006	4059.6	3310.6	3141.69	17.90756475	168.91	1.092435245	83.75	0.5807461324	29.86568	0.08	0.01	#N/A	2.48	0.00504337057	5174.107859	0.02	1.00	82.76	82.76	0.5065386358	1.00
EU	Europe	2007	3994	3335.8	3135.08	17.7252663	200.72	1.274733698	92.18	0.6212168031	43.739187	0.09	0.01	#N/A	3.76	0.007964032798	5713.931601	0.02	1.00	104.75	104.75	0.6455189446	1.00
EU	Europe	2008	3920.1	3347.8	3118.97	17.53663736	228.83	1.463362639	101.67	0.6908505765	39.627995	0.19	0.01	#N/A	7.42	0.01822324715	5535.10377	0.02	1.00	119.71	119.71	0.7528952586	1.00
EU	Europe	2009	3634.7	3177	2919.08	17.333543	257.92	1.666457002	110.92	0.75853548	43.015367	0.33	0.01	#N/A	14.01	0.04131862631	5057.965027	0.03	1.00	133.01	133.01	0.8670497711	1.00
EU	Europe	2010	3717.1	3306.3	3008.71	17.15063952	297.59	1.849360477	125.79	0.8329571386	37.280667	0.60	0.01	#N/A	22.5	0.06488991881	4732.094216	0.03	1.00	149.3	149.3	0.9516207237	1.00
EU	Europe	2011	3596.4	3249.2	2891.41	16.74653128	357.79	2.253468716	133.85	0.8925839886	40.871019	1.00	0.01	#N/A	43.88	0.1365947251	5190.988716	0.03	1.00	180.3	180.3	1.226750619	1.00
EU	Europe	2012	3547.5	3266.6	2844.48	16.34698549	422.12	2.653014506	147.27	0.9713871003	43.924174	1.00	0.01	#N/A	68.37	0.2462474219	5219.740864	0.04	1.00	206.6	206.6	1.438538017	1.00
EU	Europe	2013	3463.8	3224.2	2748.75	16.01643364	475.45	2.983566355	155.49	0.9880757527	41.20772	1.00	0.01	#N/A	82.77	0.3566366117	4988.523786	0.05	1.00	237.1	237.1	1.636883757	1.00
EU	Europe	2014	3266.2	3154.9	2644.18	15.70887837	510.72	3.291121631	164.46	1.048292153	38.851996	1.00	0.01	#N/A	94.17	0.4234069727	4876.203739	0.05	1.00	252	252	1.818389835	1.00
EU	Europe	2015	3309.2	3213.9	2631.17	15.30564214	582.73	3.694357856	175.91	1.086714861	39.472805	1.00	0.01	#N/A	104.41	0.4683315029	5445.330088	0.06	1.00	302.3	302.3	2.138781722	1.00